f	cfc7749b96f63bd31c3c42b5c471bf756814053e847c10f3eb003417bc523d30	conformance/upstream/riscv-arch-test-act4-619aa169/COPYING.APACHE
f	acc6d427b663b8cbc68037d871bb88e357b2983fad18d9382f820715805cad65	conformance/upstream/riscv-arch-test-act4-619aa169/COPYING.BSD
f	c6f9c2f38a8154833000d15499fae87d0e2014a050e47dc399623fdaa3c57484	conformance/upstream/riscv-arch-test-act4-619aa169/COPYING.CC
f	5ac1decb47c542be0ade8e8b6fac0ff7f630ecb28f2ec812824ca5a70d122af5	conformance/upstream/riscv-arch-test-act4-619aa169/README.md
f	e2eca341160a1b6331481b6b496e2183869bb748663a966d035f907ba5dda2d6	conformance/upstream/riscv-arch-test-act4-619aa169/framework/pyproject.toml
f	e3b0c44298fc1c149afbf4c8996fb92427ae41e4649b934ca495991b7852b855	conformance/upstream/riscv-arch-test-act4-619aa169/framework/src/act/__init__.py
f	380a127e8f76ded4123d3ae892b209813afc4cdbc3db1d39da36b0573b849333	conformance/upstream/riscv-arch-test-act4-619aa169/framework/src/act/act.py
f	6cb8087e29249c4f1f7c57524b76901933bab70a7bfe886ddd2d64f65415736a	conformance/upstream/riscv-arch-test-act4-619aa169/framework/src/act/build.py
f	0b53c05aadbe04893ebd60b73670fae3416771babc410d6c2da528382efe223e	conformance/upstream/riscv-arch-test-act4-619aa169/framework/src/act/build_cache.py
f	d6863cbad68bf0fa1b56726aaeba112076c5993726bd7d3e21901fc732d6d01e	conformance/upstream/riscv-arch-test-act4-619aa169/framework/src/act/build_plan.py
f	5cc3746492acad562872df81d0491d42cc064cc0f9b85fe89cf7af13c26f4615	conformance/upstream/riscv-arch-test-act4-619aa169/framework/src/act/build_types.py
f	e664b2760f04ebd7f7f88225a67f14dffe8e5d947b4c5e45f8d51fb0fbd12bac	conformance/upstream/riscv-arch-test-act4-619aa169/framework/src/act/config.py
f	20d97e6edf9c99adba00b20d653e61569c1e47ff36b8fa3d1b8b569ed5a0de27	conformance/upstream/riscv-arch-test-act4-619aa169/framework/src/act/coverreport.py
f	3d5c943b5d0a8508cf25ab53c6e08936cfb818e8c0bb7cbf165dc2f49a17bfef	conformance/upstream/riscv-arch-test-act4-619aa169/framework/src/act/data/Gemfile
f	e6e921a60720d003cce0529aa7a2613a2c6c1f27b6e84f6dc4caeae689b32d82	conformance/upstream/riscv-arch-test-act4-619aa169/framework/src/act/data/Gemfile.lock
f	0a1d46490d722389f9e61b5e7485b123a7d714d8dafe21c6969c103e4ba55ce2	conformance/upstream/riscv-arch-test-act4-619aa169/framework/src/act/dut_macros.py
f	95c8bca2f1fe0162ffc2ae4964fb35b17eaa753f4ae0fa656cfad67c51afd8cc	conformance/upstream/riscv-arch-test-act4-619aa169/framework/src/act/fcov/RISCV_coverage.svh
f	d8a1b24eb6af18e7baba151453703eb91bc514127c65ef6b2128e380e36080a5	conformance/upstream/riscv-arch-test-act4-619aa169/framework/src/act/fcov/coverage/RISCV_coverage_base.svh
f	8381688189ee3925524c352263db505ab6b99c57dd898c33f06780a910e1d165	conformance/upstream/riscv-arch-test-act4-619aa169/framework/src/act/fcov/coverage/RISCV_coverage_common.svh
f	926af15a3cca74819c1927bcceb3e7c33156ef1ca1a3ee64a696332956e8d84d	conformance/upstream/riscv-arch-test-act4-619aa169/framework/src/act/fcov/coverage/RISCV_coverage_csr.svh
f	f9e690710bf31422ce3b674110829105bc1106b48e9f3a18aff227d461dcb635	conformance/upstream/riscv-arch-test-act4-619aa169/framework/src/act/fcov/coverage/RISCV_coverage_exceptions.svh
f	b0615746515d69258b84581bebc60838cdb7b7a410ccedc07992b82f10853cf7	conformance/upstream/riscv-arch-test-act4-619aa169/framework/src/act/fcov/coverage/RISCV_coverage_hazards.svh
f	2f354e6b3716c8ae3dbabd8418f526b74b8d4156b96c4dcd9f38fba5455653c2	conformance/upstream/riscv-arch-test-act4-619aa169/framework/src/act/fcov/coverage/RISCV_coverage_pkg.svh
f	d66cbfef0deb674a155b5b9381f3ac5423a13520699318f2e61f6fe282c97511	conformance/upstream/riscv-arch-test-act4-619aa169/framework/src/act/fcov/coverage/RISCV_coverage_rvvi.svh
f	ce9b10fff795fa837ca1da7baf7642b5305e4ac8076ece05b018633381974ec9	conformance/upstream/riscv-arch-test-act4-619aa169/framework/src/act/fcov/coverage/RISCV_coverage_vector.svh
f	cafaac39138b906a367ad3c5da07a77677ed9449fe43f1cb1c0c087b1c0e9fc4	conformance/upstream/riscv-arch-test-act4-619aa169/framework/src/act/fcov/coverage/RISCV_decode_pkg.svh
f	9bae119244f7a957f3352dad2e42b5d048ada869d8737e0aa7b35957d01a24be	conformance/upstream/riscv-arch-test-act4-619aa169/framework/src/act/fcov/coverage/RISCV_disasm_fallback.svh
f	2c30268328ac71c9255580ed4c314c4d5fff4d83ca110451cdfb67b2904270b3	conformance/upstream/riscv-arch-test-act4-619aa169/framework/src/act/fcov/coverage/RISCV_disassemble_helpers.svh
f	0620a5cd024be1dcb21736b313aa987ed1e4070709ad126827291b00f869fff6	conformance/upstream/riscv-arch-test-act4-619aa169/framework/src/act/fcov/coverage/RISCV_imported_decode_pkg.svh
f	7e43250a1e54fbfcb4669a7f805a61a3dfb7f14acc75b20961c55f8c4e5bca07	conformance/upstream/riscv-arch-test-act4-619aa169/framework/src/act/fcov/coverage/RISCV_instruction_base.svh
f	d442440c1e8b87f93cc9dac2f3bc264be06f7b60da47e5ede21e78d7bb2c613a	conformance/upstream/riscv-arch-test-act4-619aa169/framework/src/act/fcov/coverage/RISCV_trace_data.svh
f	c5913d2f7c9e3a3708031790bdc81f221f4790c483f529882ab5705cce4ea2b6	conformance/upstream/riscv-arch-test-act4-619aa169/framework/src/act/fcov/disassemble.svh
f	c2baef065753eca73bdf9d28eab29d02c2189303ce1cb609928cd0d530013e6f	conformance/upstream/riscv-arch-test-act4-619aa169/framework/src/act/fcov/riscv_arch_test.sv
f	d1127f18eee7c10ac16c4072b08328edfad076d08629302c40aa45ba97244e3d	conformance/upstream/riscv-arch-test-act4-619aa169/framework/src/act/fcov/rvviTrace.sv
f	4f80aa176c1965be4bd36eede15d3c82112977cb845ea8f6b49e854fe98d095d	conformance/upstream/riscv-arch-test-act4-619aa169/framework/src/act/fcov/testbench.sv
f	affce903859e3f349fc96e9f7b939b9b251bf21355bf2498f9f7462448249af3	conformance/upstream/riscv-arch-test-act4-619aa169/framework/src/act/parse_test_constraints.py
f	7b74cf497b40fc89182b82e90ea53df8dd3c34d6dbaf294294a3ced36fcb6dca	conformance/upstream/riscv-arch-test-act4-619aa169/framework/src/act/parse_udb_config.py
x	7d69f421480685d57d2ed5950f1c3660e186623e54e080f6e072f82acebd94de	conformance/upstream/riscv-arch-test-act4-619aa169/framework/src/act/riscv-arch-test-vcs.sh
f	83939d2340462fbf922c1e97f1a757fba4bd8c707bec399cb87feb19d4b9098b	conformance/upstream/riscv-arch-test-act4-619aa169/framework/src/act/riscv-arch-test.do
f	8ac232fd634c38ce431e6737146608c7205f847d076d5317d1a4a349bbd591f0	conformance/upstream/riscv-arch-test-act4-619aa169/framework/src/act/sail_to_rvvi.py
f	767d671b6b4369fd3c577e1dd21f76a697e08a4a0413160527241db334882177	conformance/upstream/riscv-arch-test-act4-619aa169/framework/src/act/select_tests.py
f	1fd5ba623981728ac4cf65b46ad0b51e62e14bce8ef67d7120634b58f19a7b47	conformance/upstream/riscv-arch-test-act4-619aa169/framework/src/act/sig_modify.py
f	a0d7ceb9ba9d2508a75d675821e51ed7523e8b9dca5feb2b3fe51b5664be358f	conformance/upstream/riscv-arch-test-act4-619aa169/framework/src/act/trap_report.py
f	903526754a6295db29cca6a58829d54fcbe3df18a74987346c96fb60c6d7e50e	conformance/upstream/riscv-arch-test-act4-619aa169/generators/testgen/pyproject.toml
f	8fe575961f289a18ecb1356e3506f0ad9e18ef55634bd3fee5e5423549276820	conformance/upstream/riscv-arch-test-act4-619aa169/generators/testgen/src/testgen/__init__.py
f	655f1309cf5da6921ebdac59bbcb86b4167668e9b8867b32ace2a33419f5d9d2	conformance/upstream/riscv-arch-test-act4-619aa169/generators/testgen/src/testgen/asm/__init__.py
f	7ccd776e883212b43ec155f0b70b6de05611c2ec60b943b8bc0a11bcb9ad98f2	conformance/upstream/riscv-arch-test-act4-619aa169/generators/testgen/src/testgen/asm/csr.py
f	de3f5d5ec967a344a72eca2a3c138f92e593b5178e9f7ff637897d4059b1827a	conformance/upstream/riscv-arch-test-act4-619aa169/generators/testgen/src/testgen/asm/helpers.py
f	6bff1d67600c26602ff70ab28bb3235ac88a0c0b69824a82274a25cf8adfb52a	conformance/upstream/riscv-arch-test-act4-619aa169/generators/testgen/src/testgen/asm/interrupts.py
f	6f249a13a367b25c169c7c4e38654f5e48d48e2bd4ed0a56972d6bc430d3d9d6	conformance/upstream/riscv-arch-test-act4-619aa169/generators/testgen/src/testgen/asm/sections.py
f	5cc569e2907059339e5f10223c1fa10f975afc78baf603bc6ed16fe2dd597200	conformance/upstream/riscv-arch-test-act4-619aa169/generators/testgen/src/testgen/asm/tsbi.py
f	9bb15f2a51c94f43a738f5e53df6414e02e2005fefa9191aea3e7c36de116d9e	conformance/upstream/riscv-arch-test-act4-619aa169/generators/testgen/src/testgen/asm/vector_helpers.py
x	1c861227a0cf2c2a88ca819f512e8d3a07c0a91907b9666ddad02b7a28fe6ef9	conformance/upstream/riscv-arch-test-act4-619aa169/generators/testgen/src/testgen/cli.py
f	2615c8a7055d2377310f0bb63725e931673a915b7b3d2092d18604fc241a4b3c	conformance/upstream/riscv-arch-test-act4-619aa169/generators/testgen/src/testgen/constants.py
f	0650f7edb8aaffc96779bc096fb5608585603291d2f4932a181bf472ce89482d	conformance/upstream/riscv-arch-test-act4-619aa169/generators/testgen/src/testgen/coverpoints/__init__.py
f	10bbbadf56f4e1f84915de4458492aeddeca19ae46113cd8cb953c9b4f3ad9da	conformance/upstream/riscv-arch-test-act4-619aa169/generators/testgen/src/testgen/coverpoints/cmp_fp_regs.py
f	4c4659de2537eae1bf80308d2b546b321cb18f031891cf66ae9cda2fb62e7459	conformance/upstream/riscv-arch-test-act4-619aa169/generators/testgen/src/testgen/coverpoints/cmp_regs.py
f	7386c67047d1fe65718fb8fb065db3c91acaa27bd747094f660e244eed298613	conformance/upstream/riscv-arch-test-act4-619aa169/generators/testgen/src/testgen/coverpoints/cp_bs.py
f	ac34ac9482524dbcf86128a435c6e409af01394a9fc03135282d42b5e79167d6	conformance/upstream/riscv-arch-test-act4-619aa169/generators/testgen/src/testgen/coverpoints/cp_c_hint.py
f	7c0de5658d6a799a060a1351345b71908c26cdf63a9e2df1c3a5cb988b02d640	conformance/upstream/riscv-arch-test-act4-619aa169/generators/testgen/src/testgen/coverpoints/cp_csr_frm.py
f	0fc6c48855e1e944412a4490a82dfc8be466c9b0f60ad72e1b635898a9e38f31	conformance/upstream/riscv-arch-test-act4-619aa169/generators/testgen/src/testgen/coverpoints/cp_fli.py
f	4c4e1c97a25d954e4d08097071ca9f0a225e77251abf52f60545dca6140b28de	conformance/upstream/riscv-arch-test-act4-619aa169/generators/testgen/src/testgen/coverpoints/cp_fp_NaNBox.py
f	00797b0471c8bbf4bde93cc611f0cbfda9876ed0e1acc2442ff581943f76b846	conformance/upstream/riscv-arch-test-act4-619aa169/generators/testgen/src/testgen/coverpoints/cp_fp_badNB.py
f	d69aa39d4563cc9badb4e55a55c9c1a93aff1fa81d15b81c2cd3f90f94fc8e4c	conformance/upstream/riscv-arch-test-act4-619aa169/generators/testgen/src/testgen/coverpoints/cp_fp_reg_edges.py
f	a67e052353d5fc44556b53f9d5f9b91f1676a5a1be5c1ab0c4247a7b47cf8fc7	conformance/upstream/riscv-arch-test-act4-619aa169/generators/testgen/src/testgen/coverpoints/cp_fp_regs.py
f	8aad183ecfd049597bb359cd1bd92203c542d61498fcafadc2dc8b0674cbcedc	conformance/upstream/riscv-arch-test-act4-619aa169/generators/testgen/src/testgen/coverpoints/cp_frm.py
f	4c43aa58779cc04dad3e1c3e2baf7cfedf1268fd7283fd6d8425da5e01767e1b	conformance/upstream/riscv-arch-test-act4-619aa169/generators/testgen/src/testgen/coverpoints/cp_ibm.py
f	cd83b213b49940a22c68be75e7b0cec64ff1b27d11ce7abbb55ccd1dbf243bf8	conformance/upstream/riscv-arch-test-act4-619aa169/generators/testgen/src/testgen/coverpoints/cp_imm_edges.py
f	a58153c236c2cea59c34cd88a3b927c1eb7996ef0147206816fd2e9d889421bf	conformance/upstream/riscv-arch-test-act4-619aa169/generators/testgen/src/testgen/coverpoints/cp_imm_edges_branch.py
f	3ccd799c793518b7737b1ca7e6989860ea603a7bb1324034282412b455dd05de	conformance/upstream/riscv-arch-test-act4-619aa169/generators/testgen/src/testgen/coverpoints/cp_imm_edges_jal.py
f	a41aa5db4502dc5694f326a4eef8a7fd9df0c61c5d00cfc918abfbc1c461aa37	conformance/upstream/riscv-arch-test-act4-619aa169/generators/testgen/src/testgen/coverpoints/cp_imm_mul.py
f	9e9f74c27c6b025ce6f343a6009e1c0c7bf5785b043ab678944b2047613e83d5	conformance/upstream/riscv-arch-test-act4-619aa169/generators/testgen/src/testgen/coverpoints/cp_memval.py
f	abd4d394cf7078a942b8fec8452004f6adc2d56dbe21fcddfc4ed6ddf61bd4c8	conformance/upstream/riscv-arch-test-act4-619aa169/generators/testgen/src/testgen/coverpoints/cp_rbox.py
f	77952083ea1b810b5cb7a2716aa3f7b299e2450d9038f45d53137d2c36b14378	conformance/upstream/riscv-arch-test-act4-619aa169/generators/testgen/src/testgen/coverpoints/cp_reg_edges.py
f	3f293065b2d66611b801072bd6dcd20e49f8cd6ad4f7618218242912a90f1629	conformance/upstream/riscv-arch-test-act4-619aa169/generators/testgen/src/testgen/coverpoints/cp_regs.py
f	9259f1c60d26da138fc3fd83c041a14d0c27669dfd6c9737d283a404225b58e5	conformance/upstream/riscv-arch-test-act4-619aa169/generators/testgen/src/testgen/coverpoints/cp_sbox.py
f	c1fa7388d80895f4170e178db8eba0f16b788a059fa5f3382383df65c0ddbfc6	conformance/upstream/riscv-arch-test-act4-619aa169/generators/testgen/src/testgen/coverpoints/cp_uimm.py
f	ff3982b50e4a33284ba6cf542b2ecc802febd4d8c712399111362bf9703ceab1	conformance/upstream/riscv-arch-test-act4-619aa169/generators/testgen/src/testgen/coverpoints/cr_fp_reg_edges.py
f	def1f66338da5c67dcf184587af9fa76cb79db2c8981ea3f40628e34ccef9f63	conformance/upstream/riscv-arch-test-act4-619aa169/generators/testgen/src/testgen/coverpoints/cr_reg_edges.py
f	e46372e7ab7bda5d933f8fc9843a6fd269305a5be44d777eee96059c6163d0c4	conformance/upstream/riscv-arch-test-act4-619aa169/generators/testgen/src/testgen/coverpoints/cr_rs1_imm_edges.py
f	ada9d72779aef4ecd025d0b0cf94c0d4a0ed76b32a19206de2ccc5c3a93db926	conformance/upstream/riscv-arch-test-act4-619aa169/generators/testgen/src/testgen/coverpoints/hazards.py
f	4f4ac352ffa9b24c8ea4574cb65f557fcab37758b8417c7952583f38abbedab7	conformance/upstream/riscv-arch-test-act4-619aa169/generators/testgen/src/testgen/coverpoints/ibm/fadd.s/b1.csv
f	bd6479817f323a69d3da01ae27f373ad894a88b2a4879de08cbb4d6af0cb6b6f	conformance/upstream/riscv-arch-test-act4-619aa169/generators/testgen/src/testgen/coverpoints/registry.py
f	b6a0fba3d81ae3ad490367f579a0063367e5f9ca8175d6338dd44c4bdd5ef681	conformance/upstream/riscv-arch-test-act4-619aa169/generators/testgen/src/testgen/coverpoints/special/cmp_values.py
f	98256099a7704383ed239897af060672db5b66b68831086f836ad154105bd968	conformance/upstream/riscv-arch-test-act4-619aa169/generators/testgen/src/testgen/coverpoints/special/cp_align.py
f	5a6fe40208f165ec669bcec3d4c49b7d9cd941c3b8166f92f03e8fb857c0cef7	conformance/upstream/riscv-arch-test-act4-619aa169/generators/testgen/src/testgen/coverpoints/special/cp_asm_count.py
f	1cc27b56a30f0186781217af3b10011b5c0b073721a52536e0b01f880a77bc26	conformance/upstream/riscv-arch-test-act4-619aa169/generators/testgen/src/testgen/coverpoints/special/cp_cntr.py
f	f42acd4a6549eb6e79a8b1f0f38f366a8650cd0f5ef14cd9e8ce6bc676a7e7b9	conformance/upstream/riscv-arch-test-act4-619aa169/generators/testgen/src/testgen/coverpoints/special/cp_custom_cbo.py
f	be030b40eb17b24d13e73fc02cf7a3b17c05e90b21bfa5302629bf8bb0933c50	conformance/upstream/riscv-arch-test-act4-619aa169/generators/testgen/src/testgen/coverpoints/special/cp_custom_fence.py
f	76a053714944b6b359c18b162226bf820549f7ec21b1f655b6f79554f8aa65ca	conformance/upstream/riscv-arch-test-act4-619aa169/generators/testgen/src/testgen/coverpoints/special/cp_custom_fence_i.py
f	a221b69fac307ae3e2676528fedf41b303751c1f19df3cb39545fd9ea1a1a168	conformance/upstream/riscv-arch-test-act4-619aa169/generators/testgen/src/testgen/coverpoints/special/cp_custom_lr.py
f	e423a06448a2277759996de85a56bd07c99c1ce09cc44203d53b489335fd5f19	conformance/upstream/riscv-arch-test-act4-619aa169/generators/testgen/src/testgen/coverpoints/special/cp_custom_prefetch.py
f	b1b7c9a5b19cfa933cfe957fd70e53d133e1da216ba8ba10544e75b2ccd97e72	conformance/upstream/riscv-arch-test-act4-619aa169/generators/testgen/src/testgen/coverpoints/special/cp_custom_sc.py
f	6c74299fcff76c581e3b6a5aa0aad3551e3cb93b49d59adf4051fd14604fb1b1	conformance/upstream/riscv-arch-test-act4-619aa169/generators/testgen/src/testgen/coverpoints/special/cp_misalign.py
f	e0a2aa7b57ce43d389a227504239ce2efac38c7c5bff893df81a46611f44c63d	conformance/upstream/riscv-arch-test-act4-619aa169/generators/testgen/src/testgen/coverpoints/special/cp_offset.py
f	ac23752495869691ee8933cfd36c7bd214c037f22850d1ae1e16baa8df19b844	conformance/upstream/riscv-arch-test-act4-619aa169/generators/testgen/src/testgen/coverpoints/special/cr_reg_edges_offset.py
f	6a6e5188c5d053a32e2c3c57ed6265ef7b7daa54529fc6df9a04ed9866715542	conformance/upstream/riscv-arch-test-act4-619aa169/generators/testgen/src/testgen/coverpoints/vector/cmp_overlaps.py
f	e4408b423feeb361b4db2047fc4c0c357b98c3bf0aa5ca65b24c1a5559205c22	conformance/upstream/riscv-arch-test-act4-619aa169/generators/testgen/src/testgen/coverpoints/vector/cp_custom_gprwrite.py
f	a8be8dd5a2c9bbedc22eef0dd7d7935d7abb8a47a8604ba76d23416c60ae8148	conformance/upstream/riscv-arch-test-act4-619aa169/generators/testgen/src/testgen/coverpoints/vector/cp_custom_mask_and_reduction.py
f	622082f4a57ac47172b863b6b797606c7c14fd95f084a7f61c5043e05995a5f7	conformance/upstream/riscv-arch-test-act4-619aa169/generators/testgen/src/testgen/coverpoints/vector/cp_custom_vext.py
f	c3c20225ff4b8c0efe3e030123ea154006c784fe39ec3ae26d237826654b6859	conformance/upstream/riscv-arch-test-act4-619aa169/generators/testgen/src/testgen/coverpoints/vector/cp_custom_vindex.py
f	86a27c846d4f2cb395c5764a83ebd804d98aafb595b1884de088e59997c5d72b	conformance/upstream/riscv-arch-test-act4-619aa169/generators/testgen/src/testgen/coverpoints/vector/cp_custom_vshift.py
f	ecfb6ed2e817211fffbd3987bb19504f0f371c338200325a050f4ea9a4a077eb	conformance/upstream/riscv-arch-test-act4-619aa169/generators/testgen/src/testgen/coverpoints/vector/cp_custom_widening_overlaps.py
f	f84a7bb50a26886314427a4999ac02cc34c0c7487688cd69846513365e456d0c	conformance/upstream/riscv-arch-test-act4-619aa169/generators/testgen/src/testgen/coverpoints/vector/cp_imm_5bit.py
f	649c8430b795792b783da23431bda6da69127ca90d4a5a171c05e873c9c9f0f8	conformance/upstream/riscv-arch-test-act4-619aa169/generators/testgen/src/testgen/coverpoints/vector/cp_masking_edges.py
f	e7bbc79ce290aff1baed6a012ad4c00cf60b66bba67707bb6266e8114b70f65d	conformance/upstream/riscv-arch-test-act4-619aa169/generators/testgen/src/testgen/coverpoints/vector/cp_vector_regs.py
f	705254ff1d6d33c71391bbd492d3b624fd50fa63871775f66a17fbdf011ba9cb	conformance/upstream/riscv-arch-test-act4-619aa169/generators/testgen/src/testgen/coverpoints/vector/cp_vl_0.py
f	941eba7fb2718475a6ff77f90eeb4a8633a6f71a0a291fc88c4c0496438e27ee	conformance/upstream/riscv-arch-test-act4-619aa169/generators/testgen/src/testgen/coverpoints/vector/cp_vs_edges.py
f	c1552762e2f169a6447726ce234cd012e76b063b3878a02db62325685ed8e4f4	conformance/upstream/riscv-arch-test-act4-619aa169/generators/testgen/src/testgen/coverpoints/vector/cr_vl_lmul.py
f	c2ae010fbfcd93f4064b3a352b102024e68a0fa48056a510328755950590fddf	conformance/upstream/riscv-arch-test-act4-619aa169/generators/testgen/src/testgen/coverpoints/vector/cr_vs_reg_edges.py
f	2e4df32aca2ef2e4c6ca2835f37e3f529d01a25e460de1843cace8aec5c420f3	conformance/upstream/riscv-arch-test-act4-619aa169/generators/testgen/src/testgen/coverpoints/vector/cr_vtype_agnostic.py
f	02be094be91e20f60988f4b412a283fab71a98671979e2d1d3bcf9ea41ba503f	conformance/upstream/riscv-arch-test-act4-619aa169/generators/testgen/src/testgen/coverpoints/vector/cr_vxrm_vs_reg_edges.py
f	5927f29eab539dab2c463def706d8ac67a4b5fc64a9d6a8ca5861d32ae62d8dd	conformance/upstream/riscv-arch-test-act4-619aa169/generators/testgen/src/testgen/coverpoints/vector/vector_helpers.py
f	b75c3b85b0c3db604e91a53fcd953042cb32c9f39926300d22ba21b1997b67d7	conformance/upstream/riscv-arch-test-act4-619aa169/generators/testgen/src/testgen/data/__init__.py
f	9b9b69de006021fb05c2a6d94889186663cabd9621f5f49d0c61364cd6706b8e	conformance/upstream/riscv-arch-test-act4-619aa169/generators/testgen/src/testgen/data/config.py
f	8c621f55a8e9b8b50901ecbd953f195b817db070e8fd8acfe04cfba6884f4188	conformance/upstream/riscv-arch-test-act4-619aa169/generators/testgen/src/testgen/data/edges.py
f	0e7718f0c5a12f2fa21fa967eb716526fee5d3a0f55e8439ca2fe1fb69bb8485	conformance/upstream/riscv-arch-test-act4-619aa169/generators/testgen/src/testgen/data/params.py
f	fa2be1427cb27e72925a9e45c845f27fb497cb417e46a79a60ff48704c7a43b6	conformance/upstream/riscv-arch-test-act4-619aa169/generators/testgen/src/testgen/data/random.py
f	b6b258f65f9fa7ca72c160fad37bb0044122c3ec261d0d1b06b1270fa7d06c46	conformance/upstream/riscv-arch-test-act4-619aa169/generators/testgen/src/testgen/data/registers.py
f	d06b9cdebf88a3b25ba2ac8fcc833d7a32c5413be75738dd5f4ba75c2259e21b	conformance/upstream/riscv-arch-test-act4-619aa169/generators/testgen/src/testgen/data/state.py
f	d528c4cb79f47dfc1adf4371da1391385760e408162bfd50aef6a5bcf9c8658c	conformance/upstream/riscv-arch-test-act4-619aa169/generators/testgen/src/testgen/data/test_chunk.py
f	9f94f331abeaf1b68c9eb3e980cdb44bf61ffbe9c7b25288c638e4069fe69a62	conformance/upstream/riscv-arch-test-act4-619aa169/generators/testgen/src/testgen/discovery.py
f	c9429b089e277938a188a8351b305c57ab06382d58d4fcc51727c8ededa6a00e	conformance/upstream/riscv-arch-test-act4-619aa169/generators/testgen/src/testgen/exceptions.py
f	c5a5c70372184d150e93a21e5202ffbc05c4c43805e197dbb26ac0e0ca244195	conformance/upstream/riscv-arch-test-act4-619aa169/generators/testgen/src/testgen/formatters/__init__.py
f	91af977d76cb07397c21b79b6fdce34852f4bd53bb546f38e267459928cb4fa9	conformance/upstream/riscv-arch-test-act4-619aa169/generators/testgen/src/testgen/formatters/params.py
f	4bee25fc409d40cde87246556a315feeb8d3793f61737a976b63c9b1f1097098	conformance/upstream/riscv-arch-test-act4-619aa169/generators/testgen/src/testgen/formatters/registry.py
f	d8690574bae0918e03950d6ecd2fa319cfb2e7bde2c37c8f6ed909bc00f5fa25	conformance/upstream/riscv-arch-test-act4-619aa169/generators/testgen/src/testgen/formatters/types/__init__.py
f	a1fd2e71148a0b63e6bbfb7ddfc00d2270309e93a9811c8f09edb429650de5de	conformance/upstream/riscv-arch-test-act4-619aa169/generators/testgen/src/testgen/formatters/types/a_type.py
f	63e7edc7703582ac53e8f40f03b31ff1318acd7b2dc1ea6767f0d0fea595d57f	conformance/upstream/riscv-arch-test-act4-619aa169/generators/testgen/src/testgen/formatters/types/ap_type.py
f	ac57417234a45fbec421ead96ce7bd42fcc84b51c04736fc1a24e171f26bd53e	conformance/upstream/riscv-arch-test-act4-619aa169/generators/testgen/src/testgen/formatters/types/b_type.py
f	d80fc683768614e6ae4d10c5c46399ac40b1b0b5f1c3eaeb684be9dcf801130f	conformance/upstream/riscv-arch-test-act4-619aa169/generators/testgen/src/testgen/formatters/types/ca_type.py
f	3cf5c2b29c49692930564062ec56cafdef6b91b3477ed7f645d689d4fe94a963	conformance/upstream/riscv-arch-test-act4-619aa169/generators/testgen/src/testgen/formatters/types/cb_type.py
f	5f96057cf62220f9405dec17039f4ec1af5736547a91ae7b3212cd6e8f2b14e1	conformance/upstream/riscv-arch-test-act4-619aa169/generators/testgen/src/testgen/formatters/types/cbo_type.py
f	e68476e2cbb52adb4f7fa49bdd4d493e1832907ab0f7e73ab2954b9ed3ad5bf1	conformance/upstream/riscv-arch-test-act4-619aa169/generators/testgen/src/testgen/formatters/types/cbp_type.py
f	f22419bf49f11fb63ced2593664168045bc990e3b36f5d9d821ec25e2c2f9efe	conformance/upstream/riscv-arch-test-act4-619aa169/generators/testgen/src/testgen/formatters/types/cbs_type.py
f	753c2c0a1c7d9193176b7bcc3491a8313b84f57486af869eaea78f249995b9bb	conformance/upstream/riscv-arch-test-act4-619aa169/generators/testgen/src/testgen/formatters/types/cfl_type.py
f	2b29b9154586a073092697c51a9309138f559713aca80f39390e248ea8f24727	conformance/upstream/riscv-arch-test-act4-619aa169/generators/testgen/src/testgen/formatters/types/cfls_type.py
f	5a3e82064dac34c43089bbabd349b03ebb17dedd3269df7475f89e77acd11f40	conformance/upstream/riscv-arch-test-act4-619aa169/generators/testgen/src/testgen/formatters/types/cfs_type.py
f	4c2776f1bb5685de0ae9f2017b5bebd0b49ec0718acdff21e7c80927a5230795	conformance/upstream/riscv-arch-test-act4-619aa169/generators/testgen/src/testgen/formatters/types/cfss_type.py
f	2dfe3178b4d69e4405992c4d734ffa84039607b45368c0779670d39a3e6bd090	conformance/upstream/riscv-arch-test-act4-619aa169/generators/testgen/src/testgen/formatters/types/ci_type.py
f	f4742f82bac7c6aa4e0101297d2a7f90ca1b5d50191613a5d2d9d76e28e3fc61	conformance/upstream/riscv-arch-test-act4-619aa169/generators/testgen/src/testgen/formatters/types/cils_type.py
f	55ceb077ea1e089ff7973d5c97792df4fc567c55fedcdfeda37c970fe8dd8ea3	conformance/upstream/riscv-arch-test-act4-619aa169/generators/testgen/src/testgen/formatters/types/cis_type.py
f	05c2772a340d0e701d3290b2837ba5b2a2984ab5702011f1a4d449cb1a685584	conformance/upstream/riscv-arch-test-act4-619aa169/generators/testgen/src/testgen/formatters/types/ciu_type.py
f	745bd5194a2d626e788f3aef4ba88bbedc7e42f5a3f00a53797f35e11f4b13b2	conformance/upstream/riscv-arch-test-act4-619aa169/generators/testgen/src/testgen/formatters/types/ciw_type.py
f	29907df5b9ec7e86d470d57f227e926474f876a2d9941d3d42b11719ca2c7f9f	conformance/upstream/riscv-arch-test-act4-619aa169/generators/testgen/src/testgen/formatters/types/cj_type.py
f	483f063f165aeacdf5c87aba40d9bad93669063fa84a80bf76e49bd233eb7763	conformance/upstream/riscv-arch-test-act4-619aa169/generators/testgen/src/testgen/formatters/types/cjal_type.py
f	bfad3cbe1bc0b119926de5d59c6aae816a0b9cfde1fe67f643228c017c967113	conformance/upstream/riscv-arch-test-act4-619aa169/generators/testgen/src/testgen/formatters/types/cjalr_type.py
f	7cf10a0ba8e63dbcc7ea1ba6cf917e110580ca79c88164bc295784b11b4440d3	conformance/upstream/riscv-arch-test-act4-619aa169/generators/testgen/src/testgen/formatters/types/cjr_type.py
f	70b3095c41c81b0fbb2c3c2647766955eefe8d53efe83b3f05ce1f35cfcc56c0	conformance/upstream/riscv-arch-test-act4-619aa169/generators/testgen/src/testgen/formatters/types/cl_type.py
f	78a7092f35c5e53415f19d473b72da25a9f787a56964188cb5b1321175b8d696	conformance/upstream/riscv-arch-test-act4-619aa169/generators/testgen/src/testgen/formatters/types/clb_type.py
f	e19c0ba2b1b7813018d100bd17ba67626b34e411f5a7da5b4bc74a24b55f8e2a	conformance/upstream/riscv-arch-test-act4-619aa169/generators/testgen/src/testgen/formatters/types/clh_type.py
f	03dd0616fc7e81625cd0055f3ce588f8f7be1fd07dd709b000a58a5cb1ffe4cb	conformance/upstream/riscv-arch-test-act4-619aa169/generators/testgen/src/testgen/formatters/types/cn_type.py
f	35cc3b3617e142647da111bab334c94e59f320e890e36bcf3e4a160038c5792d	conformance/upstream/riscv-arch-test-act4-619aa169/generators/testgen/src/testgen/formatters/types/cr_type.py
f	b6fa2dadd7ff84339b2b7c91da5eb25d0d99cba99bb8db11bc595505d14ee5d7	conformance/upstream/riscv-arch-test-act4-619aa169/generators/testgen/src/testgen/formatters/types/cs_type.py
f	01696e5bde659d274262c737f0790211e3bc9e041bba160bc79633d70c1c8255	conformance/upstream/riscv-arch-test-act4-619aa169/generators/testgen/src/testgen/formatters/types/csb_type.py
f	3340a02e6e9fd59a32ae84f04b908edb0f4605c7a6452255d4ae2f3c09bbf5df	conformance/upstream/riscv-arch-test-act4-619aa169/generators/testgen/src/testgen/formatters/types/csh_type.py
f	41e6bf954dc559814a84b3b0747c890b374a0adfff176da18978904258d135dc	conformance/upstream/riscv-arch-test-act4-619aa169/generators/testgen/src/testgen/formatters/types/csr_type.py
f	27efa1f42684d04132b43cd5b92312798da86b249c256464ec6fdccb1282af30	conformance/upstream/riscv-arch-test-act4-619aa169/generators/testgen/src/testgen/formatters/types/csri_type.py
f	4d1d6706e9fccd8219b42c0ed7e6758fba1080b47fd197186cf6078f60ff482f	conformance/upstream/riscv-arch-test-act4-619aa169/generators/testgen/src/testgen/formatters/types/css_type.py
f	0d90db627e10d8b21a3015c8fdd85d866e6d6662a0599f77c92ea35fbfba6294	conformance/upstream/riscv-arch-test-act4-619aa169/generators/testgen/src/testgen/formatters/types/cu_type.py
f	531b9152764a71431013b26733d91bdf5250de231ab862ea10e0d9cc0eff83e7	conformance/upstream/riscv-arch-test-act4-619aa169/generators/testgen/src/testgen/formatters/types/f2x_type.py
f	a3402f255a7e9c21139e0729f89ac3f039da895adac54da19a6afd796f64a585	conformance/upstream/riscv-arch-test-act4-619aa169/generators/testgen/src/testgen/formatters/types/fc_type.py
f	4d942e037a44e123a806af17ffc47be9465a770d44875741445d56bb44c526d2	conformance/upstream/riscv-arch-test-act4-619aa169/generators/testgen/src/testgen/formatters/types/fi_type.py
f	95b85000f03aa9255f0b00bfc056da21cd70fe4625741f18a33bd25781851d03	conformance/upstream/riscv-arch-test-act4-619aa169/generators/testgen/src/testgen/formatters/types/fix_type.py
f	e6afdb24f412b4f052c1867ef356483980cb14e1212c98dad40f957c5d621862	conformance/upstream/riscv-arch-test-act4-619aa169/generators/testgen/src/testgen/formatters/types/fl_type.py
f	500dd05e6b54453a85bb9d16128508762e5425891acad9b9722fccaffdb96797	conformance/upstream/riscv-arch-test-act4-619aa169/generators/testgen/src/testgen/formatters/types/fli_type.py
f	3863ff74012d3b8969ecc84a21351c5c119f12aff861537c4bda255ea56cad05	conformance/upstream/riscv-arch-test-act4-619aa169/generators/testgen/src/testgen/formatters/types/fr4_type.py
f	6cdacd1cfdc0a73fe8f8b7a4353bec878735078350d53ceae98702a62e98bf6d	conformance/upstream/riscv-arch-test-act4-619aa169/generators/testgen/src/testgen/formatters/types/fr_type.py
f	2b28b5a854b57a56a0924325fa4dc3ff6d580df5d2d14cfacdbe0d136f8a4b3e	conformance/upstream/riscv-arch-test-act4-619aa169/generators/testgen/src/testgen/formatters/types/fs_type.py
f	1103edb29593690ca77b1ba3c4a8d57cc504ce0d6975093ac5916cfae44dab42	conformance/upstream/riscv-arch-test-act4-619aa169/generators/testgen/src/testgen/formatters/types/i1_type.py
f	7f4b3d3ac18df038f265f790aac0ec71934424eeba2c6bfdb2557e3b60d41886	conformance/upstream/riscv-arch-test-act4-619aa169/generators/testgen/src/testgen/formatters/types/i_type.py
f	a7191fd4c2b2be2892998ef38199bb9488da1aa8ee9eaaa516922dc645aa39e3	conformance/upstream/riscv-arch-test-act4-619aa169/generators/testgen/src/testgen/formatters/types/ir_type.py
f	50543a2a1c626e8d0a25541fb0424153c55f8b6cda80901b3726a5d81593f734	conformance/upstream/riscv-arch-test-act4-619aa169/generators/testgen/src/testgen/formatters/types/is_type.py
f	f0899ed235460b3033fb3a7cd2b4b7abe34a959e7c476c471c748b707925a0fb	conformance/upstream/riscv-arch-test-act4-619aa169/generators/testgen/src/testgen/formatters/types/isw_type.py
f	ff7314708d551d27fbe033e04135d4d7bd475bf4359b03982c70d50fd1a50aca	conformance/upstream/riscv-arch-test-act4-619aa169/generators/testgen/src/testgen/formatters/types/j_type.py
f	772f0e8087ef8e74d43d8d1f284b846ed14d75578b585854a50611de192b9ddf	conformance/upstream/riscv-arch-test-act4-619aa169/generators/testgen/src/testgen/formatters/types/jr_type.py
f	cf2616518733d758cd9c8d819bcb80c737520a375d60517cbb3f51ee17b50a7f	conformance/upstream/riscv-arch-test-act4-619aa169/generators/testgen/src/testgen/formatters/types/l_type.py
f	0d726aa2382f95300e591e57d727af3802fd92ededa92bde28d1ab413c19eebf	conformance/upstream/riscv-arch-test-act4-619aa169/generators/testgen/src/testgen/formatters/types/lr_type.py
f	469c66ee112cd27e31b93bf89529e00fb3dc41cc5c59fa90dc39b569f4f0a174	conformance/upstream/riscv-arch-test-act4-619aa169/generators/testgen/src/testgen/formatters/types/mask_prod_type.py
f	e934ba8b6d7bcafd1aab62790ecbb892784aa8fdbd12cab6b185dbb64cabb2b5	conformance/upstream/riscv-arch-test-act4-619aa169/generators/testgen/src/testgen/formatters/types/pre_type.py
f	5d1ef415c93243c01261f35e0bfbb978e1e703ebd265277a6227a157b5ed0a35	conformance/upstream/riscv-arch-test-act4-619aa169/generators/testgen/src/testgen/formatters/types/px2f_type.py
f	1e420ab177f6c81c80700d7ebee27661c3891a5d479b9b49b0e4c3cd9d017410	conformance/upstream/riscv-arch-test-act4-619aa169/generators/testgen/src/testgen/formatters/types/r_type.py
f	e524db9c77d843fc61a3c6e32cf12bfb1311fafa7c223b5b662789a2f53209be	conformance/upstream/riscv-arch-test-act4-619aa169/generators/testgen/src/testgen/formatters/types/rb_type.py
f	78e86b6270d169663cb2d9a917e700e9231ec8ad12b711b7f46626d594f7b233	conformance/upstream/riscv-arch-test-act4-619aa169/generators/testgen/src/testgen/formatters/types/s_type.py
f	5e60717a67434ee4e9a670da9713ca03469bc572b4d0f31846d106e17cd86a16	conformance/upstream/riscv-arch-test-act4-619aa169/generators/testgen/src/testgen/formatters/types/sc_type.py
f	55cff285213dbe2c1bb977740e8efb1742a2eb68359a180eaa48e64d796205ff	conformance/upstream/riscv-arch-test-act4-619aa169/generators/testgen/src/testgen/formatters/types/u_type.py
f	1b6238714d806ba8f5897b2a8ac37539f3f07421823f48d8038bda7909f71293	conformance/upstream/riscv-arch-test-act4-619aa169/generators/testgen/src/testgen/formatters/types/vid_type.py
f	fde84b3f0fb70e1d87c5faebb8a7633e8ae6d7bc0e3a87a66cf8a42a093531aa	conformance/upstream/riscv-arch-test-act4-619aa169/generators/testgen/src/testgen/formatters/types/vmvvi_type.py
f	20976bc5af3f25a77c11f63fb343b142ea569e3b69778d42f41ae62f71839f53	conformance/upstream/riscv-arch-test-act4-619aa169/generators/testgen/src/testgen/formatters/types/vmvvv_type.py
f	031fd0432057bbcee238c114cfafb605639537d8665df2912286907f5d68bb3d	conformance/upstream/riscv-arch-test-act4-619aa169/generators/testgen/src/testgen/formatters/types/vmvvx_type.py
f	4cf39f34345296387dfb72038741b3787b735933b41ce86c085163003a516ec4	conformance/upstream/riscv-arch-test-act4-619aa169/generators/testgen/src/testgen/formatters/types/vv_type.py
f	087b371d153f389dd9ffa4498c0aa14991ec4ff3a5f9cec51fb5a59b9e87c7f9	conformance/upstream/riscv-arch-test-act4-619aa169/generators/testgen/src/testgen/formatters/types/vvi_type.py
f	9c5d65c8569218e1875d96d530e5119613ca1a9c097d51074db7835b30ad2b47	conformance/upstream/riscv-arch-test-act4-619aa169/generators/testgen/src/testgen/formatters/types/vvsr_type.py
f	78893fb5d155e3ce1f6b540acb4e8b13ca8f6b3fd2382fb0d927d632142c6012	conformance/upstream/riscv-arch-test-act4-619aa169/generators/testgen/src/testgen/formatters/types/vvv_type.py
f	55f4412a37b5368dd8b8ec16073b0e666a311370378b643c307cef16f885842d	conformance/upstream/riscv-arch-test-act4-619aa169/generators/testgen/src/testgen/formatters/types/vvx_type.py
f	51fa90b056f013632528c62b3e5f77ef586c72ddfb1d999b74755857680d4481	conformance/upstream/riscv-arch-test-act4-619aa169/generators/testgen/src/testgen/formatters/types/x2f_type.py
f	2d707f5b4d2f3d6610cb3ec5124a7f0df473cbb0bb9fae79866d33885f62ba2f	conformance/upstream/riscv-arch-test-act4-619aa169/generators/testgen/src/testgen/formatters/types/xv_type.py
f	b007a0445c27da89bc555c378497cf9f35d15304ec7625cfeedeb8cd833bacbe	conformance/upstream/riscv-arch-test-act4-619aa169/generators/testgen/src/testgen/formatters/vector_params.py
f	d882be3c283dbaead4bbba6f886f133655454bc7cf6eace117d6b79c9dd679c2	conformance/upstream/riscv-arch-test-act4-619aa169/generators/testgen/src/testgen/generate/__init__.py
f	dd246435086ac7462eadc07b89bb6fd71e3b974c72c368f2db6b7e20e03bfa8a	conformance/upstream/riscv-arch-test-act4-619aa169/generators/testgen/src/testgen/generate/priv.py
f	29a505e84931ed8b0e2282f424a1337464df487a808cf695ddfa1b1063a180a4	conformance/upstream/riscv-arch-test-act4-619aa169/generators/testgen/src/testgen/generate/unpriv.py
f	a2c1f69b9a5fe9dff1a9ec3b6e2ab23f9c4ac28de70cec874b0fe8cd36296dc8	conformance/upstream/riscv-arch-test-act4-619aa169/generators/testgen/src/testgen/io/__init__.py
f	226ccd537d1aba70b37b218fe71d85d1afb33f8e6e5e9b0267715b15b69b04be	conformance/upstream/riscv-arch-test-act4-619aa169/generators/testgen/src/testgen/io/templates.py
f	922349318e6ea0026f9dc19a914c792372c78d0141875d9a70c752159ec027c3	conformance/upstream/riscv-arch-test-act4-619aa169/generators/testgen/src/testgen/io/testplans.py
f	f62cdd40b6d2c06719111841b0522809533724217d403281d385134e7d6a5650	conformance/upstream/riscv-arch-test-act4-619aa169/generators/testgen/src/testgen/io/writer.py
f	15de272f08b4a5b2c4fe74bd198c20ccf630e5261a0676856b96546b170a3fed	conformance/upstream/riscv-arch-test-act4-619aa169/generators/testgen/src/testgen/priv/__init__.py
f	107ab5e981fb8b1809955e8c9090456fc873cd9743c9b271b53c8cbe167ee8e2	conformance/upstream/riscv-arch-test-act4-619aa169/generators/testgen/src/testgen/priv/extensions/ExceptionsCommon.py
f	84fe846e62b37b682ac3157df6e3cc1ab6e6cebcbb2c944faeb9da7d578ff819	conformance/upstream/riscv-arch-test-act4-619aa169/generators/testgen/src/testgen/priv/extensions/ExceptionsF.py
f	daf338b667bad740fb3851edcc8343e679f2be9ccd3c1953b394251cf4ad4a01	conformance/upstream/riscv-arch-test-act4-619aa169/generators/testgen/src/testgen/priv/extensions/ExceptionsS.py
f	73561cc3e34060fd340efdb749d4bcdee5652c3ee2efdd801621b31076f023d6	conformance/upstream/riscv-arch-test-act4-619aa169/generators/testgen/src/testgen/priv/extensions/ExceptionsSm.py
f	7e56787466088eb45eb75e28666de107e2ed0b3baa81c1e1ac85a92707f74d64	conformance/upstream/riscv-arch-test-act4-619aa169/generators/testgen/src/testgen/priv/extensions/ExceptionsU.py
f	29cd81ad13de1e04731512e3160378d9a1db7650b5e31c990baaabbc6b30aa37	conformance/upstream/riscv-arch-test-act4-619aa169/generators/testgen/src/testgen/priv/extensions/ExceptionsZaamo.py
f	e8729fd9505604fedd3f43237dacabb2671f8ae119e28b3e0b3957efe330ede3	conformance/upstream/riscv-arch-test-act4-619aa169/generators/testgen/src/testgen/priv/extensions/ExceptionsZalrsc.py
f	ea384a52d38b5ead9b4c9b2577e6b7f9487d1c4c8671e955a6d815b353eb2b21	conformance/upstream/riscv-arch-test-act4-619aa169/generators/testgen/src/testgen/priv/extensions/ExceptionsZc.py
f	592368a1431c6b5fe7029ceb340e4553a0b73b3766b90b47b50131eb89fa9657	conformance/upstream/riscv-arch-test-act4-619aa169/generators/testgen/src/testgen/priv/extensions/ExceptionsZicboS.py
f	d1156cb801193f436e521648d39e474f734f80e8e0d798786dbffa08e6a7ec92	conformance/upstream/riscv-arch-test-act4-619aa169/generators/testgen/src/testgen/priv/extensions/ExceptionsZicboU.py
f	ed14ba2b75fda64420da41e7b0fffb738fdcb094ff4c418e17d9489036885925	conformance/upstream/riscv-arch-test-act4-619aa169/generators/testgen/src/testgen/priv/extensions/InterruptsS.py
f	cb2a38cb95563a6058a6de83d6626a8b4f0ee928f4f4e32b632d6e223144b2d7	conformance/upstream/riscv-arch-test-act4-619aa169/generators/testgen/src/testgen/priv/extensions/InterruptsSSm.py
f	3bf9c10acd1e7230dc94aa4149162e714951d77886f58020eb31579310afc921	conformance/upstream/riscv-arch-test-act4-619aa169/generators/testgen/src/testgen/priv/extensions/InterruptsSm.py
f	2622b105579ae72ab6b380f1c308d8b6db815c7b605374a93ce84cbf7e1bcb71	conformance/upstream/riscv-arch-test-act4-619aa169/generators/testgen/src/testgen/priv/extensions/InterruptsSstc.py
f	a9f8c2a4ef9cc4e121ef5610103be1fe4075366ea3dbfc5fa7cbfad1e22d5f19	conformance/upstream/riscv-arch-test-act4-619aa169/generators/testgen/src/testgen/priv/extensions/InterruptsU.py
f	31acc978facf5f86d7709a86c5ca39139c821f336dc77975efb6f82ba196e442	conformance/upstream/riscv-arch-test-act4-619aa169/generators/testgen/src/testgen/priv/extensions/S.py
f	5ef0f5726df2189e3e8372f7e69dd273196fcdf5619396b3d2fe306ff3d8151d	conformance/upstream/riscv-arch-test-act4-619aa169/generators/testgen/src/testgen/priv/extensions/Sm.py
f	dfe4e58cc62ab2ba67edda682db84edd090fa916d47a3af983fe480fd444eece	conformance/upstream/riscv-arch-test-act4-619aa169/generators/testgen/src/testgen/priv/extensions/SmF.py
f	56d7b8458978e6f9eb3e7ffce8a08d1a7274a29d3dc22464dfe1c1ca6ada35a7	conformance/upstream/riscv-arch-test-act4-619aa169/generators/testgen/src/testgen/priv/extensions/SmV.py
f	0ca2a196d0a129b2d897083d9c39cac6fc20202e9289173a676badb49c18ac2a	conformance/upstream/riscv-arch-test-act4-619aa169/generators/testgen/src/testgen/priv/extensions/SmVF.py
f	9ea2c99a06467c3dd8fbbfb9fdd13fd3da7b9a57ee68d10b84fd99dce10292ba	conformance/upstream/riscv-arch-test-act4-619aa169/generators/testgen/src/testgen/priv/extensions/Smstateen.py
f	c5b8988d1663c3d58175c2d355262d6d1af7851c34b1dc893c395c2c7dc2b9ce	conformance/upstream/riscv-arch-test-act4-619aa169/generators/testgen/src/testgen/priv/extensions/Ssccptr.py
f	72483d3ba629e0100e8e11993bd36e099758bf9f8dc02d488cc1e7a7c3b67520	conformance/upstream/riscv-arch-test-act4-619aa169/generators/testgen/src/testgen/priv/extensions/Sscounterenw.py
f	fd02978a14cd09a10dd3ec52d13a43dab2acee5da43fbbeb8fefd0a78b61a9ff	conformance/upstream/riscv-arch-test-act4-619aa169/generators/testgen/src/testgen/priv/extensions/Ssstateen.py
f	7a9d14634a91b6fa30e637c9ada094e7ab59b1c4946c9ac6d79ea15b40395e05	conformance/upstream/riscv-arch-test-act4-619aa169/generators/testgen/src/testgen/priv/extensions/SsstrictCommon.py
f	f6fba809672709a29f5836987d82ecc4e85503b638ec79f425c2798adb622c65	conformance/upstream/riscv-arch-test-act4-619aa169/generators/testgen/src/testgen/priv/extensions/SsstrictS.py
f	ce46fc7f4be0f5b05b6e4af722e4b9d4f56e68a2838a6c09dbd8cb16fb4794a6	conformance/upstream/riscv-arch-test-act4-619aa169/generators/testgen/src/testgen/priv/extensions/SsstrictSm.py
f	77886eef963b12fae96b7524ee77db19999dc6e4e0d1fc42257300f79bc3b0a0	conformance/upstream/riscv-arch-test-act4-619aa169/generators/testgen/src/testgen/priv/extensions/SsstrictU.py
f	b0556bb7698daa4dd335f059e6c728de68fd7b7c70deb60fccaa3e4a8501c051	conformance/upstream/riscv-arch-test-act4-619aa169/generators/testgen/src/testgen/priv/extensions/Sstvala.py
f	d6a4562386692f2def35a47beab0b776dfe9baa801a6144f7aa4fe018ce1c9e4	conformance/upstream/riscv-arch-test-act4-619aa169/generators/testgen/src/testgen/priv/extensions/Sstvecd.py
f	9a31ea8e100bf8ca99bf096de7be6f46e48278697916d3e75e8e76c21c796872	conformance/upstream/riscv-arch-test-act4-619aa169/generators/testgen/src/testgen/priv/extensions/Ssu64xl.py
f	202802a91ab4cba1ab8a7a4c93536763c4ca6461cea91240fad958666f299edf	conformance/upstream/riscv-arch-test-act4-619aa169/generators/testgen/src/testgen/priv/extensions/U.py
f	64e969d058ad1bf399b29013e1b24b0c7952c4a36952fb019d166dcbe42c92b9	conformance/upstream/riscv-arch-test-act4-619aa169/generators/testgen/src/testgen/priv/extensions/UF.py
f	1b0ef62b30de719382106a370b3f9e4ed25f8aabf01d73e81c7524d5395e217e	conformance/upstream/riscv-arch-test-act4-619aa169/generators/testgen/src/testgen/priv/extensions/UV.py
f	abba69607d0c9c4a93e9b2130a224b257e6eaa918d504854e90f2d90b2e925bb	conformance/upstream/riscv-arch-test-act4-619aa169/generators/testgen/src/testgen/priv/extensions/Za64rs.py
f	75435fceeec92d9ea877c656bf45749c66683b18fed1ff3009eeb994388e3c23	conformance/upstream/riscv-arch-test-act4-619aa169/generators/testgen/src/testgen/priv/extensions/Zama16b.py
f	ccdb74e5564b420a4f40855b4790aba8543b38e79135f95dd9b0fa5846b24fdd	conformance/upstream/riscv-arch-test-act4-619aa169/generators/testgen/src/testgen/priv/extensions/Zic64bZicboz.py
f	1d78b16769cf626d43a7f16fd3fd7e330551a3e0a1e4cec0368eaf55195ce5b2	conformance/upstream/riscv-arch-test-act4-619aa169/generators/testgen/src/testgen/priv/extensions/ZicntrS.py
f	4f60a0833225d3a79595a64752a3d1ebab79fef3d6804104232f9c84095e5891	conformance/upstream/riscv-arch-test-act4-619aa169/generators/testgen/src/testgen/priv/extensions/ZicntrU.py
f	fad7665f88dcebc6c0b59bb115718413e029f28cc6839bd82b1710cd0c12c67c	conformance/upstream/riscv-arch-test-act4-619aa169/generators/testgen/src/testgen/priv/extensions/ZicsrF.py
f	bcf86db1d037827d1de8e363b7fa1b0e2ae1e90fad10a167843b6d51c62b0c25	conformance/upstream/riscv-arch-test-act4-619aa169/generators/testgen/src/testgen/priv/extensions/Zkr.py
f	bc04f9ac388ace7d4b453b32f6c444ce036d28f68b0247138f0b5b0d8e30b7d8	conformance/upstream/riscv-arch-test-act4-619aa169/generators/testgen/src/testgen/priv/extensions/__init__.py
f	22eb8484a62b158d797fe4241481ee4c84dd519ead6fea27341121eb2bba292a	conformance/upstream/riscv-arch-test-act4-619aa169/generators/testgen/src/testgen/priv/registry.py
f	4a763deaecf1bea04c1ad61e5411fe6e4c5a28eae71993620237e4d14b75eb8f	conformance/upstream/riscv-arch-test-act4-619aa169/generators/testgen/src/testgen/templates/cp_vstart_gt_vl_setup.S
f	fb781efbd89f5701e7448dd5a721b99f5efaa11a7bb75b2685ec91a112577f8c	conformance/upstream/riscv-arch-test-act4-619aa169/generators/testgen/src/testgen/templates/testgen_footer.S
f	ebc9e0fa08fcbfcee6330603fce2670c46b802df0a3266064f323ad600a229b0	conformance/upstream/riscv-arch-test-act4-619aa169/generators/testgen/src/testgen/templates/testgen_header.S
f	bcb13a450885e09e923c2ca03327c3f5b0dfea87df468ec30ffadc3ed67286d5	conformance/upstream/riscv-arch-test-act4-619aa169/testplans/I.csv
f	122ce9ef4336b19e58528b2eeedaf854159c82d45abde232d68195c214e790c8	conformance/upstream/riscv-arch-test-act4-619aa169/testplans/M.csv
f	2b2fc39bb1771ca861dfde3df4f0783ed5512f2d1515a7decae085f509c4f608	conformance/upstream/riscv-arch-test-act4-619aa169/tests/env/check_defines.h
f	9c046bfbd93dcb7fe1f14ed7bca643dcb2d9701973322363180e62d34077e4df	conformance/upstream/riscv-arch-test-act4-619aa169/tests/env/derived_config.h
f	3fdf4b43da9fb456c5ca2adb34a62e648bb7bdc2857e231e414ce2188dc0a4f5	conformance/upstream/riscv-arch-test-act4-619aa169/tests/env/derived_config.svh
f	a1047813971b83fcce4b6701b244a0d9552287e53a21774defc1aa96e31820dc	conformance/upstream/riscv-arch-test-act4-619aa169/tests/env/encoding.h
f	34149ca24877a96635ddfcf37e478de4005a974273debf98f2489b6e90301f9f	conformance/upstream/riscv-arch-test-act4-619aa169/tests/env/riscv_arch_test.h
f	5dd17aeec217fc94b0012d1c72d97a60bc3b63a44838c186b68617535b7aeb00	conformance/upstream/riscv-arch-test-act4-619aa169/tests/env/rvtest_failure_code.h
f	8488ba93d99c0213b9b3ce6a0f149ebda870ef7ce8aa17f4cac6f1beb731ba3f	conformance/upstream/riscv-arch-test-act4-619aa169/tests/env/rvtest_macros.h
f	808b3ee1d916b0f6fdcdb5f22e2f4d10e4fc1a9058b8f2c51d73258e5396427f	conformance/upstream/riscv-arch-test-act4-619aa169/tests/env/rvtest_macros_hypervisor.h
f	7cf5e8e890de7fe44d6653b2e9d19fb571793cd5060ae8d4fadda3f98cbf1633	conformance/upstream/riscv-arch-test-act4-619aa169/tests/env/rvtest_macros_vector.h
f	25c6e4d9ef4e768f1319db2b1a0de5d44cdb5c12708743acc1023ff41231c999	conformance/upstream/riscv-arch-test-act4-619aa169/tests/env/rvtest_pmp_macros.h
f	fbf5aeaa1d9952b24163b56cf3e036c493c49df5b3233a0c33712bedd08366df	conformance/upstream/riscv-arch-test-act4-619aa169/tests/env/rvtest_setup.h
f	f9b4bfce893d3a1c0f8c3dbda5a8234e25207329e557086000deb316ad4c6817	conformance/upstream/riscv-arch-test-act4-619aa169/tests/env/rvtest_trap_handler.h
f	ffba729649d8fb313a35b9e16f2a4a5fc1be83def97f2a5656f8cff575e08df7	conformance/upstream/riscv-arch-test-act4-619aa169/tests/env/sail_macros.h
f	5942bcf9d14bf3aa73b3157eb864b1c0566e2f47c37cd9f83718729fea90d643	conformance/upstream/riscv-arch-test-act4-619aa169/tests/env/signature.h
f	02a95d31b00715ead92e05673c2c9c656e3321a936d243910a4d3cfb2336464b	conformance/upstream/riscv-arch-test-act4-619aa169/tests/env/utils.h
f	1adb57b71021db60054c9841212316fa5315ccaa22915f1af966a80986b1d7ff	conformance/upstream/riscv-arch-test-act4-619aa169/tests/rv32i/I/I-add-00.S
f	e2bf777f686b2dd81dff24d7318bc068a6c524cb75b104ebcf5f0a0bb8f08fae	conformance/upstream/riscv-arch-test-act4-619aa169/tests/rv32i/I/I-addi-00.S
f	e6ca7ba3b05556bb2b0684c3b1e2c57d64d326d0cebc2781c63b503a16923098	conformance/upstream/riscv-arch-test-act4-619aa169/tests/rv32i/I/I-and-00.S
f	38da091aed5e73597b8087a9f2ce877436f9a89fbbdba2f679bcc02ff6031081	conformance/upstream/riscv-arch-test-act4-619aa169/tests/rv32i/I/I-andi-00.S
f	53a90c8a20cd01301534294c7c28aa5eaae4d5eb8476667250f1246d3a170d5f	conformance/upstream/riscv-arch-test-act4-619aa169/tests/rv32i/I/I-auipc-00.S
f	4f98b27c63a56c62393c9f78b2d3eb8a05efddc55103b5c09fe2b1c0450fc006	conformance/upstream/riscv-arch-test-act4-619aa169/tests/rv32i/I/I-beq-00.S
f	99456bd81a39d45a522bff0cc9aaa2c9fb263ab501b0bb341c21e131bc04f11f	conformance/upstream/riscv-arch-test-act4-619aa169/tests/rv32i/I/I-bge-00.S
f	2b743b13f1a79bc72dbce9dffccd0215d46b021871f529c0d5a3caae75b76c8f	conformance/upstream/riscv-arch-test-act4-619aa169/tests/rv32i/I/I-bgeu-00.S
f	0c7442b56f5725b4282b1e619859b44e9703c16188c0a73fd38e278cbb0532d2	conformance/upstream/riscv-arch-test-act4-619aa169/tests/rv32i/I/I-blt-00.S
f	0403fa29c86567daa2335d1b8b7b7c052fc52fa2c729d8ea21964897b05d1839	conformance/upstream/riscv-arch-test-act4-619aa169/tests/rv32i/I/I-bltu-00.S
f	4adbcbce45f495f2d79055253d4152aee317e2e03fa5f49f73eb70968654154d	conformance/upstream/riscv-arch-test-act4-619aa169/tests/rv32i/I/I-bne-00.S
f	49745b52c96c6a96cb0ed197db7038cb161ac557b0b312358f273b0572caa175	conformance/upstream/riscv-arch-test-act4-619aa169/tests/rv32i/I/I-fence-00.S
f	480d27075c8dbf5aba9aae19730fdb438c87fa4ea53ee5115c71499ed8938136	conformance/upstream/riscv-arch-test-act4-619aa169/tests/rv32i/I/I-jal-00.S
f	e93d0c7669ec8c10a865f15fcf68db855bb736a4eb3585a3905a11911dbd5952	conformance/upstream/riscv-arch-test-act4-619aa169/tests/rv32i/I/I-jalr-00.S
f	09d1ff0c81cace6c0937f1e6a01c8b059228e9bcd8aeb00f7c6a686a68b18695	conformance/upstream/riscv-arch-test-act4-619aa169/tests/rv32i/I/I-lb-00.S
f	dc861f5e8a5f718e4c6b6083341e0373cacf9b69a6b09a8c6885bd0774f20880	conformance/upstream/riscv-arch-test-act4-619aa169/tests/rv32i/I/I-lbu-00.S
f	06b1d96c5bcf7312c8614f9965e4060d21433f356caf4c9d6797150d6b81d7ea	conformance/upstream/riscv-arch-test-act4-619aa169/tests/rv32i/I/I-lh-00.S
f	438169fe428b48abb0e10e5358d43542aad798a34d6133d382ebae4b76523e77	conformance/upstream/riscv-arch-test-act4-619aa169/tests/rv32i/I/I-lhu-00.S
f	effe9fa03f9a13b47d060a4c317d0e646965f2ac315dc55e6ab6b82daae439a0	conformance/upstream/riscv-arch-test-act4-619aa169/tests/rv32i/I/I-lui-00.S
f	bf57cc9bd0b2b9adb35b5b90024b61d9125c5b172a230edd502ae4c269893ff5	conformance/upstream/riscv-arch-test-act4-619aa169/tests/rv32i/I/I-lw-00.S
f	4df18973ea5957d925910ac8c571bba32129af36c81d84738bae55ea718631ec	conformance/upstream/riscv-arch-test-act4-619aa169/tests/rv32i/I/I-nop-00.S
f	f7ee96020a179b68685bbbecf977f213369f12bd3d98b3bdc4d27377492a9af3	conformance/upstream/riscv-arch-test-act4-619aa169/tests/rv32i/I/I-or-00.S
f	53ca7e8ce4aa09fcab0f72e2be3b2b014ebee54d24fcbc88a5092bdd6fd96ebd	conformance/upstream/riscv-arch-test-act4-619aa169/tests/rv32i/I/I-ori-00.S
f	6fbde2a35ad35a6afc8bf9204eb4f4b1a74298cd1e30a3442f1ff58025fbe7de	conformance/upstream/riscv-arch-test-act4-619aa169/tests/rv32i/I/I-sb-00.S
f	6cabd5cb163ead518372b376e4117ace17d4b347058ffb31671f0ad2aa8c28c1	conformance/upstream/riscv-arch-test-act4-619aa169/tests/rv32i/I/I-sh-00.S
f	85dad43c411f1d23aaa30c4e60c5faf2a79af3b8991f4f3912e58b16529f41cc	conformance/upstream/riscv-arch-test-act4-619aa169/tests/rv32i/I/I-sll-00.S
f	b64f052f6fb7b7d1e8bb0a8f31b6f1cd4c83648db6a043ee2a0c81707790e88d	conformance/upstream/riscv-arch-test-act4-619aa169/tests/rv32i/I/I-slli-00.S
f	1f65425e7b227019ac8d902a6779be68e5cbc526c67ff21b45358b76bc697bfe	conformance/upstream/riscv-arch-test-act4-619aa169/tests/rv32i/I/I-slt-00.S
f	b65acde1a197aa55ade05ced20dc03c488e048e586fa8efcb5afc4c7553bf791	conformance/upstream/riscv-arch-test-act4-619aa169/tests/rv32i/I/I-slti-00.S
f	569b42c16b7bd15ad77739c356007f73fad4a97ed480ae63929e47de26eaf4a9	conformance/upstream/riscv-arch-test-act4-619aa169/tests/rv32i/I/I-sltiu-00.S
f	5dc577af41b282b23baf82cba74ca5b575abd8b327559a073e11d343fc1ae219	conformance/upstream/riscv-arch-test-act4-619aa169/tests/rv32i/I/I-sltu-00.S
f	d959ac54149665fff74182070d3b07aa0a6878bbf68411cc63ce426cc6b42d7b	conformance/upstream/riscv-arch-test-act4-619aa169/tests/rv32i/I/I-sra-00.S
f	6d0db972e72d0de520e93925f353fc729e3f3407c8b805c616de372eb484963d	conformance/upstream/riscv-arch-test-act4-619aa169/tests/rv32i/I/I-srai-00.S
f	2fc1e0733b5fbd97f37a3a460dacb580a84de9a4ca117308c4c1c416c94718aa	conformance/upstream/riscv-arch-test-act4-619aa169/tests/rv32i/I/I-srl-00.S
f	9aba3c47b74181fe1d438b7bc89afdf158f17f4d83af4c7c9d0a8b1df561fc77	conformance/upstream/riscv-arch-test-act4-619aa169/tests/rv32i/I/I-srli-00.S
f	ccd8f384e5e91c6268e11ef66558e3675c979b4a1f6f50688c2ac80f97a1cde9	conformance/upstream/riscv-arch-test-act4-619aa169/tests/rv32i/I/I-sub-00.S
f	e4e54db0944c11faea3c075bcf30f8a2f00485419646d3a7b75dfb240f811a36	conformance/upstream/riscv-arch-test-act4-619aa169/tests/rv32i/I/I-sw-00.S
f	f3fa09c790756ccd41356cedb080232d0248b9bf4139fed9f1cec3d972bd68c1	conformance/upstream/riscv-arch-test-act4-619aa169/tests/rv32i/I/I-xor-00.S
f	2b05bb64d401fc63a39563826f63c825bd343329d446f95e46fe78674b28f786	conformance/upstream/riscv-arch-test-act4-619aa169/tests/rv32i/I/I-xori-00.S
f	10247c57f43a17b225a47d1086c8a941fd5e10ce1b991710e01a0feb3a3a60cb	conformance/upstream/riscv-arch-test-act4-619aa169/tests/rv32i/M/M-div-00.S
f	ca841ec967757114c7d17f5b492e8cef8998d0c49588cdf652d2142ff37d2771	conformance/upstream/riscv-arch-test-act4-619aa169/tests/rv32i/M/M-divu-00.S
f	a41f766e447fcb7f5999f03ec4ca470b4f2890393bdad99c805b2e221dd0fcc0	conformance/upstream/riscv-arch-test-act4-619aa169/tests/rv32i/M/M-mul-00.S
f	851dacadca8fe1e270a2c6418c57561dc37060dc997ae40f9858f68bc3c0f4f8	conformance/upstream/riscv-arch-test-act4-619aa169/tests/rv32i/M/M-mulh-00.S
f	334d202fbd5f0758bbcad1557877287747a4a4a7ed4ae54c1ad7b5fd4c3151c7	conformance/upstream/riscv-arch-test-act4-619aa169/tests/rv32i/M/M-mulhsu-00.S
f	7dcaf9ab0e7c0d3675e924aed1e01ec8f1befd27ff6507914424c698d5e88e48	conformance/upstream/riscv-arch-test-act4-619aa169/tests/rv32i/M/M-mulhu-00.S
f	6069e5bfe210136941dedbe5329b451872927c57ef55362576582d3d72d915a8	conformance/upstream/riscv-arch-test-act4-619aa169/tests/rv32i/M/M-rem-00.S
f	b209a8d072d3d88cc4d48e98f83290aaee1762c631a9d6c02b9357a4b66b9bc5	conformance/upstream/riscv-arch-test-act4-619aa169/tests/rv32i/M/M-remu-00.S
f	508adebf034c936b6e8c5538a893a2f901ca38d59d63cfeeb0da06dea4335dca	conformance/upstream/riscv-tests-34e6b6d1/.gitmodules
f	43b7309213293b4323d65301a90e05472579abcd51feb260a850354bcb49ff8f	conformance/upstream/riscv-tests-34e6b6d1/LICENSE
f	57a6c9b9b81976c6aa049d24812d73e5e8205a747d71912129a09d703b3eec5d	conformance/upstream/riscv-tests-34e6b6d1/README.md
f	b09abb7eec47539dde829096ca973a33b2d293d38f0902133ad2aaa6fab892dc	conformance/upstream/riscv-tests-34e6b6d1/isa/macros/scalar/test_macros.h
f	8a0b5441f9aa117227b7be6f33ad4e3adf0f10571967a00c0a2d1b6d2cb6eff9	conformance/upstream/riscv-tests-34e6b6d1/isa/rv32ui/Makefrag
f	11f49a6832d4e1b78f6641debecb0a8b30904cbfde55811fe212e7976f75d8fb	conformance/upstream/riscv-tests-34e6b6d1/isa/rv32ui/add.S
f	3f27661d53e99ab975577ce0a16d651e1607c1018ff802f604a01db419c46f3c	conformance/upstream/riscv-tests-34e6b6d1/isa/rv32ui/addi.S
f	e706eea42287b30ce1a58b54ff78babd842667c86813dc4a8c7586fb7ff84944	conformance/upstream/riscv-tests-34e6b6d1/isa/rv32ui/and.S
f	7209163886c7c3630f875eaa2d3a20d3f41b52b9039cf38d1c9c95a3c1e6b7d6	conformance/upstream/riscv-tests-34e6b6d1/isa/rv32ui/andi.S
f	673e75d7345b4dfcbc9199ba0f0f2bb481e8449a80c3ce7a13b716d707f0ad02	conformance/upstream/riscv-tests-34e6b6d1/isa/rv32ui/auipc.S
f	ee7492215f761e9c696a06587334289388834f572632c549ea1c522b0d4e7f77	conformance/upstream/riscv-tests-34e6b6d1/isa/rv32ui/beq.S
f	eb2046a12eac3915a8cbafb7e58204ce0ade5e4145b4bacd55ad740cb4981f5d	conformance/upstream/riscv-tests-34e6b6d1/isa/rv32ui/bge.S
f	832c36ad7ec582e768ff80bf7834ec5f07a23e12f737be0175255862f538b271	conformance/upstream/riscv-tests-34e6b6d1/isa/rv32ui/bgeu.S
f	f282c84f221d6202711f9188168b6e64153bdd9e1edcc3569f9b82cc84780d6f	conformance/upstream/riscv-tests-34e6b6d1/isa/rv32ui/blt.S
f	944a0aa40fab0ed040d7da0e0af148d2e414de913ac03bc3cee4f680af0e4401	conformance/upstream/riscv-tests-34e6b6d1/isa/rv32ui/bltu.S
f	a8ee632aba15d6c201f8159e46c8e40156b9cc9fd407acb816ee40ba1ea7e622	conformance/upstream/riscv-tests-34e6b6d1/isa/rv32ui/bne.S
f	0157ffb8d3b6a81811a2a0156fc75dabc8a53a55af1b574c7899f529b175f6e6	conformance/upstream/riscv-tests-34e6b6d1/isa/rv32ui/fence_i.S
f	bdb047fe70b43c56d12c91b41b37de64f7973a44985a309082a4bbd60b38b16c	conformance/upstream/riscv-tests-34e6b6d1/isa/rv32ui/jal.S
f	6670acfa3baca86cdf2883987e5e423ad321076df668e43e009e22e54a2d71e4	conformance/upstream/riscv-tests-34e6b6d1/isa/rv32ui/jalr.S
f	d67069f84affe0fdf202db588ecf70f69b54fa98d52d3a89a31f11c0e2af114c	conformance/upstream/riscv-tests-34e6b6d1/isa/rv32ui/lb.S
f	8bd5eb3c5321a8396ef25a65b429673aacb0aced7c3a8fcfcdb07bdc7c22acbe	conformance/upstream/riscv-tests-34e6b6d1/isa/rv32ui/lbu.S
f	bf97dab99c89561f9b9663d7bb5e478b54cc309bd7082e27a4676afaf1eff9e2	conformance/upstream/riscv-tests-34e6b6d1/isa/rv32ui/ld_st.S
f	a933c2cf7d28c6020e004d8f5a478ac8b566d9a2d5504be52a2a9f55de3b7090	conformance/upstream/riscv-tests-34e6b6d1/isa/rv32ui/lh.S
f	ad8e35657145eb108319cc959f0252954b0cf2e9f72fa9825202f7ffd429d4ff	conformance/upstream/riscv-tests-34e6b6d1/isa/rv32ui/lhu.S
f	d9cf94699e3c2de681ea6d3a89fb80d288a9dbdbf54b449cb4e80c9e720832f6	conformance/upstream/riscv-tests-34e6b6d1/isa/rv32ui/lui.S
f	cc86f2572b7c85b8c87aa4b67df716d402b5a6cbf8aeac4591e8f89b795927b6	conformance/upstream/riscv-tests-34e6b6d1/isa/rv32ui/lw.S
f	e2e322baa038958924eb6b16eae2198854107f8261cf64268c420fe2c69bce3b	conformance/upstream/riscv-tests-34e6b6d1/isa/rv32ui/ma_data.S
f	d9c3d89b13b43a1f88ecaf407fc616d02a3bb2a21eff1b0636b78703b9730c38	conformance/upstream/riscv-tests-34e6b6d1/isa/rv32ui/or.S
f	56c42c8ede97a7293fe5103627fee4b18f08439f7071fb61b7563d301c75465e	conformance/upstream/riscv-tests-34e6b6d1/isa/rv32ui/ori.S
f	6d314ab1c895cffa05f444564426235db8e05eeb2c4803f5068646c3a84330ff	conformance/upstream/riscv-tests-34e6b6d1/isa/rv32ui/sb.S
f	02228db06f98d60234278c9d25acccefd4be4d0782fd1806c7377d39b4f940e9	conformance/upstream/riscv-tests-34e6b6d1/isa/rv32ui/sh.S
f	d09626c437cdba1387a2f88396d58ca53bf21ceb8d8e3b6c59b7822b89955ef5	conformance/upstream/riscv-tests-34e6b6d1/isa/rv32ui/simple.S
f	d1937ead2006af62dac7f05a1ead8c1d8af20c441d97258e1c7f4fb15baf6e33	conformance/upstream/riscv-tests-34e6b6d1/isa/rv32ui/sll.S
f	6cd2d14a231a6292479ddccb6e9e10faf430ee9a705e54db04c7bb09ecdeac26	conformance/upstream/riscv-tests-34e6b6d1/isa/rv32ui/slli.S
f	fbfe5298e2b3b70baab7e4332598f8dc474515b58e7e56d44fffbbb12b032776	conformance/upstream/riscv-tests-34e6b6d1/isa/rv32ui/slt.S
f	47c3aa3e4f25aa13119bf50702c6ea12f461e487bca3c8e7a5557953365ef590	conformance/upstream/riscv-tests-34e6b6d1/isa/rv32ui/slti.S
f	b0e7c68d7087c5b857b2a45676e50769b16884e922166735a013c55e0fbcfdf7	conformance/upstream/riscv-tests-34e6b6d1/isa/rv32ui/sltiu.S
f	6bd4e4f8e10068f79b67c78ed856617d34fb81d227fe183b5d0164eb1ee20c73	conformance/upstream/riscv-tests-34e6b6d1/isa/rv32ui/sltu.S
f	c3017e97860f20855d26d88290712017275e46cf1c97bc2d5c8eb4b382b8604b	conformance/upstream/riscv-tests-34e6b6d1/isa/rv32ui/sra.S
f	0d85c59d09f36540bee2082183c0d8201e2e71ec57af4801d72c7eab27a078bf	conformance/upstream/riscv-tests-34e6b6d1/isa/rv32ui/srai.S
f	5a7a378904a6c5f96dc1c60312e755845bdf24942a7000c053fbf2e59b645907	conformance/upstream/riscv-tests-34e6b6d1/isa/rv32ui/srl.S
f	46c2ecf7c43fa6e9fc4fa82f4bff0afd34aa22439024a84ba467d1ea9917a6db	conformance/upstream/riscv-tests-34e6b6d1/isa/rv32ui/srli.S
f	d401cdf810dd6c67b810f9fb70c5587ded5ca1116ed6048aa5040e7bfa196d54	conformance/upstream/riscv-tests-34e6b6d1/isa/rv32ui/st_ld.S
f	ce9d39cef8ba77b41e21fbd396705973d777cff089c18f0dc9411ab57e766d0e	conformance/upstream/riscv-tests-34e6b6d1/isa/rv32ui/sub.S
f	7e946fc6e21bf878febd1af4ea39823a791e8f52b1387af3a32b9fca890d78df	conformance/upstream/riscv-tests-34e6b6d1/isa/rv32ui/sw.S
f	8a38494b13982f5e5f378a792c741b24a231fa81b5bd24872560ba8e57b5447e	conformance/upstream/riscv-tests-34e6b6d1/isa/rv32ui/xor.S
f	8356f89115f4a8af2dd108ddabc72ec02cdb9411957ec46e28bfd28c3556e8ff	conformance/upstream/riscv-tests-34e6b6d1/isa/rv32ui/xori.S
f	06655bfbadc4800687b5dc827edf19a21b96903fa535d1eed6509f57491892d3	conformance/upstream/riscv-tests-34e6b6d1/isa/rv32um/Makefrag
f	1c9022a1ecc508e3216ffcf194c3271165560fece86c0a5c7507533f4ad2b658	conformance/upstream/riscv-tests-34e6b6d1/isa/rv32um/div.S
f	c9314b6ea880763293a537d3eb849906fcc83d111ef4c617b193014ef27ea8fc	conformance/upstream/riscv-tests-34e6b6d1/isa/rv32um/divu.S
f	603431fa933c6a4b24a2171460e7564fe109cabbf755194f2b99f6085d2ebbee	conformance/upstream/riscv-tests-34e6b6d1/isa/rv32um/mul.S
f	0343b82acc4b8aa588bf3212bb717e527779c95ce0429840b969af0532c06db1	conformance/upstream/riscv-tests-34e6b6d1/isa/rv32um/mulh.S
f	9d91945062c5746f6342145cd1d788972d94129e995332af07834090b52e8eb0	conformance/upstream/riscv-tests-34e6b6d1/isa/rv32um/mulhsu.S
f	85c582010aa6e5f554c47096cb1b5dc4a5c5924761566cbef96d1babb1e02c74	conformance/upstream/riscv-tests-34e6b6d1/isa/rv32um/mulhu.S
f	8f4fab9e1d634c79682da9fafe8533c5f7ebe53b479305a262189d6c9a756f57	conformance/upstream/riscv-tests-34e6b6d1/isa/rv32um/rem.S
f	9135cce6a017b9267080393810d0586e04ad80fbfe0c1ea45c3bbf60a94156dd	conformance/upstream/riscv-tests-34e6b6d1/isa/rv32um/remu.S
f	ea262294c065eb9ce150d3e17537e489582139b0e0dcd999e53b704bf60ebc38	conformance/upstream/riscv-tests-34e6b6d1/isa/rv64ui/Makefrag
f	6001d0b44d83ea5d1ace0f90b01784206fc64ed6ac49435bf8770e9d37456810	conformance/upstream/riscv-tests-34e6b6d1/isa/rv64ui/add.S
f	db79a0ab0954a70d1ffddd1f8364613467131f49c660f0331c9ce52fc304f898	conformance/upstream/riscv-tests-34e6b6d1/isa/rv64ui/addi.S
f	0502a022fb5c4ad616d5b04864f3227a453296400b439ad723caba0ad7bdd6bb	conformance/upstream/riscv-tests-34e6b6d1/isa/rv64ui/addiw.S
f	bb36f1acece36de0963d6ed8cf6246e5d3ebcf6cc18a0bd029d7beb80fa9261a	conformance/upstream/riscv-tests-34e6b6d1/isa/rv64ui/addw.S
f	1da5c1932e0b84b8dc6c753c17ec3b71524f64cb3fca83e4e595ecc042e2b66f	conformance/upstream/riscv-tests-34e6b6d1/isa/rv64ui/and.S
f	e1ae979e2c2a7781b1c807af100e249cfdaf65315249da111c6cede8c2bab833	conformance/upstream/riscv-tests-34e6b6d1/isa/rv64ui/andi.S
f	4e98030649a70763991223f8e753e0415a9ef28c6cc0de2d5238caa7c9bcb5ab	conformance/upstream/riscv-tests-34e6b6d1/isa/rv64ui/auipc.S
f	64bad150282bb6f134c6eb9fe6f6b7052fb43857e56051f2c7bf092d8d9baa24	conformance/upstream/riscv-tests-34e6b6d1/isa/rv64ui/beq.S
f	62caa4f21080ad168def7258cb60bc651037d190f3577e5e90dc237ee2b8e957	conformance/upstream/riscv-tests-34e6b6d1/isa/rv64ui/bge.S
f	a885a08978678959f42637080ee7de2bf8d602fae14c4f402b06a9fa995ec011	conformance/upstream/riscv-tests-34e6b6d1/isa/rv64ui/bgeu.S
f	1ae14d66aa3ff4efaae9f82527eec4e576be1ca2157848b62cbcbec4297bedab	conformance/upstream/riscv-tests-34e6b6d1/isa/rv64ui/blt.S
f	99d86e9c755feed9257fa117d59659f4fd544157d94a92efbe7e8118458a8863	conformance/upstream/riscv-tests-34e6b6d1/isa/rv64ui/bltu.S
f	fea60636e3262706b77c60178562091fe0955b621aa83c4929d79a9498a3b390	conformance/upstream/riscv-tests-34e6b6d1/isa/rv64ui/bne.S
f	24174c87cda6c0f4f84583b36a188986664806dc7173313b7ad82b6b8e0a5628	conformance/upstream/riscv-tests-34e6b6d1/isa/rv64ui/fence_i.S
f	a54f2849f8c9bef90db8c3bc5b3c3fcd8239d77785619b9f2592b9ca4e47435d	conformance/upstream/riscv-tests-34e6b6d1/isa/rv64ui/jal.S
f	d19d8b21c5520868520c1595a4f24cbc6c972092ad6124f22e3afb7d77b1511d	conformance/upstream/riscv-tests-34e6b6d1/isa/rv64ui/jalr.S
f	b578f76189e59163c602fc00695a064ca51a0b0b02e27f6ac9bee355234fdc5a	conformance/upstream/riscv-tests-34e6b6d1/isa/rv64ui/lb.S
f	a25566410bc721230ef3f5f10cb61387dd2149af09b5af3a0b769f87f3c2247a	conformance/upstream/riscv-tests-34e6b6d1/isa/rv64ui/lbu.S
f	e30d7bd31a38cd460b38e17f87b8b0e3fc336e9c46f6390e787b6d7911600074	conformance/upstream/riscv-tests-34e6b6d1/isa/rv64ui/ld.S
f	6dabe1e43ef87e96754a4e0249f5abc8d7b6144a2374c40cfd2d2b690d284681	conformance/upstream/riscv-tests-34e6b6d1/isa/rv64ui/ld_st.S
f	1c07d6c394dd6b18ae28c1ed4d9dda8584fc17da2bd80348371b4a76b95d69df	conformance/upstream/riscv-tests-34e6b6d1/isa/rv64ui/lh.S
f	9f360dff761bb58519bc8eab6f3cddda83a7b4e3fb3d3d055bf5b99e0680b71b	conformance/upstream/riscv-tests-34e6b6d1/isa/rv64ui/lhu.S
f	f54ad88f665c1605b1f10c16495ba9b7dcb9c97a994f59cc4cc2069b5ec67cbe	conformance/upstream/riscv-tests-34e6b6d1/isa/rv64ui/lui.S
f	2dd0f851b09828eac63673b2d43a42a46481859f7237964db6de5020edf6c52a	conformance/upstream/riscv-tests-34e6b6d1/isa/rv64ui/lw.S
f	88e32f60fcca483918f582b8d1a9fbfc6727ec3a88d7308078c8a52191f082df	conformance/upstream/riscv-tests-34e6b6d1/isa/rv64ui/lwu.S
f	a52ff4d445e8020d15d3cf2a13058972b91078193737ac7a8dcda028f1958579	conformance/upstream/riscv-tests-34e6b6d1/isa/rv64ui/ma_data.S
f	42a4dd95db718a650745a41ee77aa164ebcb1cfc783b466f16b94ec7725678ef	conformance/upstream/riscv-tests-34e6b6d1/isa/rv64ui/or.S
f	8801f21dd9be8c170be6bb38eabbf188941b66267550e174fa874c23a44085c0	conformance/upstream/riscv-tests-34e6b6d1/isa/rv64ui/ori.S
f	f28e56da4511019d7b0b984934904d3b790f37d5a512dcafd5cddaa421672b0d	conformance/upstream/riscv-tests-34e6b6d1/isa/rv64ui/sb.S
f	a3b86ccbf2abfbfc76b68031f3b5a8ad12286767e3119b369936ae4c3a3c6b7d	conformance/upstream/riscv-tests-34e6b6d1/isa/rv64ui/sd.S
f	c30cfe40d7479a3826e5f354221b836c7be96e56e40ef2c8a779fc1f16afb003	conformance/upstream/riscv-tests-34e6b6d1/isa/rv64ui/sh.S
f	52e2f9515a604acd2b1b5e72cd776bf13b9af4a00b2b6f1280baf60d22eee404	conformance/upstream/riscv-tests-34e6b6d1/isa/rv64ui/simple.S
f	e48597cb7e4c83ea157af55901e1c03d71886e8f2f2c536b560f42ebdea52322	conformance/upstream/riscv-tests-34e6b6d1/isa/rv64ui/sll.S
f	065ef42ecd867e6892524ce510bba8f38fd5d11c2595ac7de68f374db62160e5	conformance/upstream/riscv-tests-34e6b6d1/isa/rv64ui/slli.S
f	c920ceb25d4fb479c5847636faf1b15f2efd0076d254f6d4d8088dad4e23b84b	conformance/upstream/riscv-tests-34e6b6d1/isa/rv64ui/slliw.S
f	f33b62705370dafa6ccaa4fd8a186b292cd6453c292a0e1029aa0c6c416e8b74	conformance/upstream/riscv-tests-34e6b6d1/isa/rv64ui/sllw.S
f	dec60fbd843db26163f1b930a953c8ea9dff90ed448069a3ed568ab0085c907c	conformance/upstream/riscv-tests-34e6b6d1/isa/rv64ui/slt.S
f	dc68715fd3bc1e33f3601317e213c74eb4fa9de5bf772c041846498f6cc1c791	conformance/upstream/riscv-tests-34e6b6d1/isa/rv64ui/slti.S
f	d1de3cec91cc78bb3b8e1952a709f3aa245c46ae1c20af4e2cf47fc4c9fd90f8	conformance/upstream/riscv-tests-34e6b6d1/isa/rv64ui/sltiu.S
f	66149954dbdda6d7682d69ab3089cbc70a0cd42fc71c360de26c4cf5db2e5374	conformance/upstream/riscv-tests-34e6b6d1/isa/rv64ui/sltu.S
f	718c7cf270df89b6d274faa3e4f02053268260b201eb9fffa65e5e9255eb1da2	conformance/upstream/riscv-tests-34e6b6d1/isa/rv64ui/sra.S
f	7bb5ccdc65f68675f3a3d9f53eb0559e2771fcdf888e39f7b3cee3a4c0217060	conformance/upstream/riscv-tests-34e6b6d1/isa/rv64ui/srai.S
f	1b716911072cac1b0713e9114a132ffa1f3682537bef0741fe2f1ee4c3e6b044	conformance/upstream/riscv-tests-34e6b6d1/isa/rv64ui/sraiw.S
f	0dc0101ebc3941e2e136208cfb6f14045dece5f8c611d9ff8f335620943a6985	conformance/upstream/riscv-tests-34e6b6d1/isa/rv64ui/sraw.S
f	391e45e7a39845f31ce27cbe03482cb7267642b16330fb285cb317c0fd6c619f	conformance/upstream/riscv-tests-34e6b6d1/isa/rv64ui/srl.S
f	93d93b680aa2ed22fb9c260276f9d1874d9959ee385d18aed04e9e5a0ccb4f9c	conformance/upstream/riscv-tests-34e6b6d1/isa/rv64ui/srli.S
f	07a66f6028a1e0484ce2cb118fd9ad456d0b7fe935561a382eb8d109d2775e2f	conformance/upstream/riscv-tests-34e6b6d1/isa/rv64ui/srliw.S
f	717a4d552c1045beda19b711a07b5d4fece053e565d3a1b1549e86656a618b8e	conformance/upstream/riscv-tests-34e6b6d1/isa/rv64ui/srlw.S
f	95ec6871bf3840b25f6a8a5345cc9a5ebf89f80665105e9bdaf6eef2b88c8a8c	conformance/upstream/riscv-tests-34e6b6d1/isa/rv64ui/st_ld.S
f	261a9625eec0be3070831c2cfcfb9c58b0a966b7156d806a066d2ff8094f79f8	conformance/upstream/riscv-tests-34e6b6d1/isa/rv64ui/sub.S
f	21da03dcb85c926829d90b4873e36172ccdf8aebc95c768e2371ee3f7db689f3	conformance/upstream/riscv-tests-34e6b6d1/isa/rv64ui/subw.S
f	b9eb41b6d585e0d003dc567079c30c82e7514cce349755ae6813d889df1c5f2a	conformance/upstream/riscv-tests-34e6b6d1/isa/rv64ui/sw.S
f	e86380283aff1941ba3e0d8dae82ff00b04095241a19279a1bfaece456b39bbf	conformance/upstream/riscv-tests-34e6b6d1/isa/rv64ui/xor.S
f	70bb3ff66a89a0d5b17aacc1e21a4893c9a774a9cf35a62e9a8a596a35d7949f	conformance/upstream/riscv-tests-34e6b6d1/isa/rv64ui/xori.S
f	6ecbeb5c15711e5213f73b0c7cb6a11f930cbd11d3c301fe146c9e766c4d8eec	manifests/conformance.lock.json
