f	380a72cc58f5771de8cd849b928ceef1c48c737bf51d71ddbe063db141d93ef5	isa_specs/riscv-isa-manual-v20260120/LICENSE
f	af7316471406d8a3e9556a80e0d8aa47c9fc54a39b5c4596899c3911e6b76b7a	isa_specs/riscv-isa-manual-v20260120/README.md
f	2b7185649ed3cb5a3ea87876a0d05461cbc04ccb5a7243ec6cb9ca80d01b04b5	isa_specs/riscv-isa-manual-v20260120/src/unpriv/images/bytefield/fprs.edn
f	5a70cac94b206d0ec280c6c91d6aeaf4832c70069c8dd48b41660c646acb99d7	isa_specs/riscv-isa-manual-v20260120/src/unpriv/images/bytefield/gprs.edn
f	fdec62860132e44823e6431cd634a9500e4a9be11f90a673d09b8a9adf33cc06	isa_specs/riscv-isa-manual-v20260120/src/unpriv/images/bytefield/rvc-instr-quad0.edn
f	597b9d8924c4a9ab784a20791042fc915b46c46f6c94c7ca7c75a9507940aef2	isa_specs/riscv-isa-manual-v20260120/src/unpriv/images/bytefield/rvc-instr-quad1.edn
f	8789a992e04e81e4db597c22b110a5e10d5d78ec45d38d2a71e4f4974edee923	isa_specs/riscv-isa-manual-v20260120/src/unpriv/images/bytefield/rvc-instr-quad2.edn
f	dc088cda0faf1bb7d3a3125e276fc0f32dffd0f195fa54b794c719f52edbbce7	isa_specs/riscv-isa-manual-v20260120/src/unpriv/images/es_dataflow.svg
f	cf9fa794f5dc48cd3d7f36a8ca73df59647a5e60640bb2bcbec8edd62f5107da	isa_specs/riscv-isa-manual-v20260120/src/unpriv/images/es_noisetest.svg
f	251622a56c187db34987ae37cccb7664511647fbda440b5e4b457c80e6a88be2	isa_specs/riscv-isa-manual-v20260120/src/unpriv/images/es_state.svg
f	514fcfaa72ff89f0297505628ebee33771283dd11df7131e7ae762db3d588be9	isa_specs/riscv-isa-manual-v20260120/src/unpriv/images/graphviz/litmus_addrpo.png
f	2de87a38a16e2e1b08232c13b70addc56c1ab60b6e91f85140c231c7d4d5f79b	isa_specs/riscv-isa-manual-v20260120/src/unpriv/images/graphviz/litmus_datacoirfi.png
f	698efd01b4962db8be4642e90cb0a42ddc51010d5782d469fd21de689f237813	isa_specs/riscv-isa-manual-v20260120/src/unpriv/images/graphviz/litmus_datarfi.png
f	015143831118ee7113699c84169f56a45c11adf9308f3a83a684df6a18452dc2	isa_specs/riscv-isa-manual-v20260120/src/unpriv/images/graphviz/litmus_lb_lrsc.png
f	5f633c92fed584a016dc0ef56a40059e19f1b323675ebbafad028a675fe7fdb7	isa_specs/riscv-isa-manual-v20260120/src/unpriv/images/graphviz/litmus_mp_fenceww_fri_rfi_addr.png
f	23efa7126a81154382bb13005cf071f1ebfb2fe3ade18f4fb47a68efebf2f396	isa_specs/riscv-isa-manual-v20260120/src/unpriv/images/graphviz/litmus_ppoca.png
f	fe56b308a214e9b91d576539090df449c0af1ba714900331b6460d2aa1d73970	isa_specs/riscv-isa-manual-v20260120/src/unpriv/images/graphviz/litmus_rsw.png
f	7992df78809d299e02aea7c854a0f51c588ef712f88d7bcef1d37f88fb805277	isa_specs/riscv-isa-manual-v20260120/src/unpriv/images/graphviz/litmus_sample.png
f	008e06c3cc7e02e97f0b480983f084905139a47333860a917989dac3d19d7f61	isa_specs/riscv-isa-manual-v20260120/src/unpriv/images/graphviz/litmus_sb_fwd.png
f	5d82ff9c3eada95043d9b78e10d945b74fe7f8578b5056598575b1f709fc49dd	isa_specs/riscv-isa-manual-v20260120/src/unpriv/images/graphviz/litmus_subsumption.png
f	4aecc0f6f514e5e20c37d9d00c230fa6ec84dd4277d333920186bf29c584b14d	isa_specs/riscv-isa-manual-v20260120/src/unpriv/images/rvbna.svg
f	55a71bcfbc6e43ac40920ec0c41fafc8d6571c60fd75127b33a167e7a5223310	isa_specs/riscv-isa-manual-v20260120/src/unpriv/images/wavedrom/atomic-mem.edn
f	22f7882a09bd5c2fa5a97fee10478d5625c67eadb1fa3efa318cb5325ec6a93b	isa_specs/riscv-isa-manual-v20260120/src/unpriv/images/wavedrom/b-immediate.edn
f	97342fe90858d6cf2cef404f79e3814b9f073c985716e374d1d6f8d4f74e9783	isa_specs/riscv-isa-manual-v20260120/src/unpriv/images/wavedrom/c-andi.edn
f	2565945ad99f4abfb5efa9053344a1048d7fb27aa474c60becf90c2522564fb3	isa_specs/riscv-isa-manual-v20260120/src/unpriv/images/wavedrom/c-breakpoint-instr.edn
f	4aa5603bf7c455531c1af150432cb2daa050ab6be52de2266dfb818e2dfd3486	isa_specs/riscv-isa-manual-v20260120/src/unpriv/images/wavedrom/c-cb-format-ls.edn
f	20b1a39f7a7633d21f1ce2615a13a2f37f423b1e13cd09b53d8490bf6471282f	isa_specs/riscv-isa-manual-v20260120/src/unpriv/images/wavedrom/c-ci.edn
f	3a850491445d68a4a7817c51da344f120ca402b752607802df9f478e9ce67ddb	isa_specs/riscv-isa-manual-v20260120/src/unpriv/images/wavedrom/c-ciw.edn
f	37a19e6f9eb1ca7fd7bc5fe371566714899034af209863e4af5cd7308be581d1	isa_specs/riscv-isa-manual-v20260120/src/unpriv/images/wavedrom/c-cj-format-ls.edn
f	60e7f58b09a090c718564172243a7d0ddddba7943d4b5fbb60375781333129a4	isa_specs/riscv-isa-manual-v20260120/src/unpriv/images/wavedrom/c-cr-format-ls.edn
f	b495de951c7eb3d0896eddd8f0806e4c8f4afe6578e93f0961cdbaa65c68ffe3	isa_specs/riscv-isa-manual-v20260120/src/unpriv/images/wavedrom/c-cs-format-ls.edn
f	24800834939b5d8d02eb5646a5c6bfbc8689111287a4a61e35a634c7b8dbb1f5	isa_specs/riscv-isa-manual-v20260120/src/unpriv/images/wavedrom/c-def-illegal-inst.edn
f	9a27272f9c3853e70cdaf2633c04760fbcdc5749eab7281fbe63d8d3a502ccf5	isa_specs/riscv-isa-manual-v20260120/src/unpriv/images/wavedrom/c-int-reg-immed.edn
f	09ebcc3892e433378157b1ad0bebcaba35985d6b2b815bd6a12c2cea3078af27	isa_specs/riscv-isa-manual-v20260120/src/unpriv/images/wavedrom/c-int-reg-to-reg-ca-format.edn
f	8ed51aee0b9c651a2924d7d8c37a5f850f5343f4163f21c79d56040e648c135a	isa_specs/riscv-isa-manual-v20260120/src/unpriv/images/wavedrom/c-int-reg-to-reg-cr-format.edn
f	dd5fbb184460edd5544a069ba3b04cc1b741b00b919b28f0554bf8c268a2a19d	isa_specs/riscv-isa-manual-v20260120/src/unpriv/images/wavedrom/c-integer-const-gen.edn
f	0b404b8059e935eace4d2e66da1e2744889b564ffcd89f978f48a6c1e65ba0b0	isa_specs/riscv-isa-manual-v20260120/src/unpriv/images/wavedrom/c-mop.edn
f	3bae3e4130e5f35e487a40f7cab3ad767fcfebb27c461e50772e303adffdfec0	isa_specs/riscv-isa-manual-v20260120/src/unpriv/images/wavedrom/c-nop-instr.edn
f	483ffa5e6fed8199cb2e367317beefaa1ee5e72d393b5106d7678bf8a7a26a4b	isa_specs/riscv-isa-manual-v20260120/src/unpriv/images/wavedrom/c-sp-load-store-css.edn
f	007d47c052e09bfb6d0545035542ba0f971a669289633636b5e069b4b3aadad1	isa_specs/riscv-isa-manual-v20260120/src/unpriv/images/wavedrom/c-sp-load-store.edn
f	ac0f3f1b0397487fc8aecf226badf27c4ed3601c24b1d7f43e321ffc07add2fb	isa_specs/riscv-isa-manual-v20260120/src/unpriv/images/wavedrom/c-srli-srai.edn
f	13b302871f1efc41792aa7cad6e8f05e4bda7e782992f84f38e92746fa3d78a8	isa_specs/riscv-isa-manual-v20260120/src/unpriv/images/wavedrom/counters-diag.edn
f	e37661669bc999cbf58443767a222058858d4694c11dbd0dd5d2723a89b37d9b	isa_specs/riscv-isa-manual-v20260120/src/unpriv/images/wavedrom/csr-instr.edn
f	e2a1699babdbae7c904648448a2e6efeb8d930ac8fc9a2d7dc1e810293334ff9	isa_specs/riscv-isa-manual-v20260120/src/unpriv/images/wavedrom/ct-conditional.edn
f	caba82190be354652fa0157803c56458a474698994b52b34be5ca891fcf73340	isa_specs/riscv-isa-manual-v20260120/src/unpriv/images/wavedrom/ct-unconditional-2.edn
f	00c7559df5ada547d837e0713576e6c553944e8ffab7994c1b275499bb2813e9	isa_specs/riscv-isa-manual-v20260120/src/unpriv/images/wavedrom/ct-unconditional.edn
f	a2eab3546211bdb258ad5d1d38738c0ee8419594fbf2dbf3091d44303358aeb6	isa_specs/riscv-isa-manual-v20260120/src/unpriv/images/wavedrom/d-xwwx.edn
f	26ee02e1e89ed00f24eebdf12b034c2305af840c384503687f3666543fc4cc4b	isa_specs/riscv-isa-manual-v20260120/src/unpriv/images/wavedrom/division-op.edn
f	5f6e276ee6e8535071bf42dc3c74e557f5784c6e538adf19c0fb1f02e47f4bc4	isa_specs/riscv-isa-manual-v20260120/src/unpriv/images/wavedrom/double-fl-class.edn
f	765d87f3708858d48a14f88b1cd21a3da5bbf0d17b3ec55144a5e04a3ce1d014	isa_specs/riscv-isa-manual-v20260120/src/unpriv/images/wavedrom/double-fl-compare.edn
f	b1381246a9419893a7edcd45f752663b5470443739729ce9bc711be1975fb3e7	isa_specs/riscv-isa-manual-v20260120/src/unpriv/images/wavedrom/double-fl-compute.edn
f	d53449b3b8687b22bdf863cbacd1fa9549fd7e224ce99993f9c4af0a17cb95a1	isa_specs/riscv-isa-manual-v20260120/src/unpriv/images/wavedrom/double-fl-convert-mv.edn
f	15e2f985be6271b79efac63e7a12ef6ef6476249f9d8a316aeb39571dda98ea8	isa_specs/riscv-isa-manual-v20260120/src/unpriv/images/wavedrom/double-ls.edn
f	e633b357bb329b9faee4ba3401d97b4f016b3fb28f5c6c3b67398503dfee44b1	isa_specs/riscv-isa-manual-v20260120/src/unpriv/images/wavedrom/env-call-breakpoint.edn
f	530a9ced483d6aea9c7b8d32393e15f6c019c316593c13e2ffdfe51192f4b961	isa_specs/riscv-isa-manual-v20260120/src/unpriv/images/wavedrom/fcvt-sd-ds.edn
f	0bd82227fc0d8c6699b2dd98fd10a91e7f9213d12251cc756a9f6011969a7187	isa_specs/riscv-isa-manual-v20260120/src/unpriv/images/wavedrom/float-csr.edn
f	773aa9c6e35ff9e90091dc8e8c458ce16ab88b8598d68c9cbc07a329798ad7eb	isa_specs/riscv-isa-manual-v20260120/src/unpriv/images/wavedrom/flt-pt-to-int-move.edn
f	aa466e6e34d84de119a0cf9aa3a1ad41fb91cf1396d83c11c4195b3f77bf9c82	isa_specs/riscv-isa-manual-v20260120/src/unpriv/images/wavedrom/flt-to-flt-sgn-inj-instr.edn
f	800aa960c402434be5bb6fa376869e32db630df83110343352f1592ddad74fc7	isa_specs/riscv-isa-manual-v20260120/src/unpriv/images/wavedrom/fsjgnjnx-d.edn
f	9c14288d2ebb941f7264fbc69f242731e8a9c0d4399b7a3a557168fc25aa279e	isa_specs/riscv-isa-manual-v20260120/src/unpriv/images/wavedrom/half-pr-flt-pt-class.edn
f	761a074655b37c95aeb32fdf5628974438ed192fa2ed00f35e701770ec40c022	isa_specs/riscv-isa-manual-v20260120/src/unpriv/images/wavedrom/half-pr-flt-pt-compare.edn
f	98f376a57e30067a2f70671f1d051d07b846496a63ee864275516041c1df4cc4	isa_specs/riscv-isa-manual-v20260120/src/unpriv/images/wavedrom/half-prec-conv-and-mv.edn
f	acac4c447fdcbb8e253e117c71dbebe64d4eef043e62cba5fcccd08a1ea2e93c	isa_specs/riscv-isa-manual-v20260120/src/unpriv/images/wavedrom/half-prec-flpt-to-flpt-conv.edn
f	97b24bb4d8c2308c0ddb4455a6786081747dbb376b68a317f832fc8c76d63f8d	isa_specs/riscv-isa-manual-v20260120/src/unpriv/images/wavedrom/i-immediate.edn
f	69191f9558254e06908c7969a0a7a15c0e8c6afdc64f61fcfd18966a6b519eca	isa_specs/riscv-isa-manual-v20260120/src/unpriv/images/wavedrom/immediate-variants.edn
f	c433bc96edee8c1e82632645025c95a7a10e2bca27970b61d59ce31ae220e68f	isa_specs/riscv-isa-manual-v20260120/src/unpriv/images/wavedrom/instruction-formats.edn
f	ea4143868312afd0c25c29e63ac87126b27b7ecd9ebf8c9f0a0e7903ffafdfd3	isa_specs/riscv-isa-manual-v20260120/src/unpriv/images/wavedrom/int-comp-lui-aiupc.edn
f	e5df079c031220ed8503e0600efa348574cc43a68a32d6a68d66ef09bb8f3fd4	isa_specs/riscv-isa-manual-v20260120/src/unpriv/images/wavedrom/int-comp-slli-srli-srai.edn
f	485c66a1c12b73a6bf09eb94b0d29d39a2c68d1ad8d490a369633b970182914d	isa_specs/riscv-isa-manual-v20260120/src/unpriv/images/wavedrom/int-reg-reg.edn
f	d2ec82c4615f2eee306b9404ca037ef33271684f5a67e3a71dfcc38c11fc2ce0	isa_specs/riscv-isa-manual-v20260120/src/unpriv/images/wavedrom/integer-computational.edn
f	c858882f9368938c6b93a322db32de9cce3e37d3b74ad4a024a86aecd00c04c8	isa_specs/riscv-isa-manual-v20260120/src/unpriv/images/wavedrom/j-immediate.edn
f	701ab6a43702946795ea801bf23232ad28584993edff37aeffd16b12c4a3102d	isa_specs/riscv-isa-manual-v20260120/src/unpriv/images/wavedrom/load-reserve-st-conditional.edn
f	2541af44c597cc33de586e880b0f272b1b6394e7cc931e612185d7e909705fb4	isa_specs/riscv-isa-manual-v20260120/src/unpriv/images/wavedrom/load-store.edn
f	ced8d9ac626a5b967c5468b170f53aa4ad2a0d75e0ba07984a4c4d4d4d9e2685	isa_specs/riscv-isa-manual-v20260120/src/unpriv/images/wavedrom/m-st-ext-for-int-mult.edn
f	68ce46b130377ca7f899488297099c939b381d29a8c78ba4c57373c874b0e1cd	isa_specs/riscv-isa-manual-v20260120/src/unpriv/images/wavedrom/mem-order.edn
f	c0b4bc8bfe74734c71b5b30eb953bd62a206a06a79c7a1e32ebad89fcb52715c	isa_specs/riscv-isa-manual-v20260120/src/unpriv/images/wavedrom/mop-r.edn
f	81fe65be6e77baefc86b213ffc53111599a88201a675e31ba2277204497beb35	isa_specs/riscv-isa-manual-v20260120/src/unpriv/images/wavedrom/mop-rr.edn
f	8b6115b49f2e30bb883c8fdca9f0461ccd48c2d703f57d4b47cd103ccbd8ff0e	isa_specs/riscv-isa-manual-v20260120/src/unpriv/images/wavedrom/nop.edn
f	e2fe1636820d4c4ab4fa86a70295812d1a4b2c89dccadc7d1de85a623e9db191	isa_specs/riscv-isa-manual-v20260120/src/unpriv/images/wavedrom/quad-cnvrt-intch-xqqx.edn
f	db58268df0526a6a99e8467e3a377088d25519e67123272deb546874123685ff	isa_specs/riscv-isa-manual-v20260120/src/unpriv/images/wavedrom/quad-cnvrt-mv.edn
f	a98206c79c055041939c4b8dacb05a702ddb9aa6f0fa9d78a08348be434939bd	isa_specs/riscv-isa-manual-v20260120/src/unpriv/images/wavedrom/quad-cnvt-interchange.edn
f	bce9d0f6f8dc16babcab7b16d84b75defe7cba7b9db56d2d804d3ecc61d246a1	isa_specs/riscv-isa-manual-v20260120/src/unpriv/images/wavedrom/quad-compute.edn
f	c6deead9404234a8c63dcce814454b451583050beffbf73d659065ad43dd91a3	isa_specs/riscv-isa-manual-v20260120/src/unpriv/images/wavedrom/quad-float-clssfy.edn
f	3dab7bb82c0198475700b8b3dc62cd6106a1ada137c5dbe6cfc19fa31136ebdf	isa_specs/riscv-isa-manual-v20260120/src/unpriv/images/wavedrom/quad-float-compare.edn
f	6ee1198ab566b0ba1c2ab0f66973a648f4c11353ae1c1bba5e42a198aaa52687	isa_specs/riscv-isa-manual-v20260120/src/unpriv/images/wavedrom/quad-ls.edn
f	aec9296c2f2e4da64e969805df63aaa1110dce9f93706b5f208d0fcbedee6eda	isa_specs/riscv-isa-manual-v20260120/src/unpriv/images/wavedrom/reg-based-ldnstr.edn
f	90dac4fa1d1cca77801dc03c123a5ac205664af0eff519def8b3398528b1912c	isa_specs/riscv-isa-manual-v20260120/src/unpriv/images/wavedrom/rv64-lui-auipc.edn
f	ee7cf381c18338cc633d3c27f71e26ff03f4d188bc7834b6b744dade61aaa9b3	isa_specs/riscv-isa-manual-v20260120/src/unpriv/images/wavedrom/rv64i-base-int.edn
f	ec5fb0c1154dfbd030ec8dbd3ed35f0a9e9c7893e9839e3103224081b042bc46	isa_specs/riscv-isa-manual-v20260120/src/unpriv/images/wavedrom/rv64i-int-reg-reg.edn
f	d4e97983487ec410dc178daaf149cdb1d6b742da881fced1c7eab686686fb88d	isa_specs/riscv-isa-manual-v20260120/src/unpriv/images/wavedrom/rv64i-slli.edn
f	94521320df13fe4962ef15356215c87220025a76cb2e7f2a35602f2bef8b269f	isa_specs/riscv-isa-manual-v20260120/src/unpriv/images/wavedrom/rv64i-slliw.edn
f	e4a55777359e03062636046c065bfaaef7546d57fb24217d2509c6a4beadc922	isa_specs/riscv-isa-manual-v20260120/src/unpriv/images/wavedrom/s-immediate.edn
f	21646d7f21a2105ca674b4fae18a716f45bff9a25acb8b09fcb89aff179760f4	isa_specs/riscv-isa-manual-v20260120/src/unpriv/images/wavedrom/sp-load-store-2.edn
f	07f7955b51d941e54169fdc1f08586c115a33f7d0f038c32a99e5dc8b888103c	isa_specs/riscv-isa-manual-v20260120/src/unpriv/images/wavedrom/sp-load-store.edn
f	27368520acb2243990d55ca25215aa2e9bf570aca2b2abca5cecc979f4dd77e1	isa_specs/riscv-isa-manual-v20260120/src/unpriv/images/wavedrom/spfloat-classify.edn
f	62bb4ffabcea4971a5c0d9234ee40ca63ae9b2c7e65961472b4ee269f35b8a9a	isa_specs/riscv-isa-manual-v20260120/src/unpriv/images/wavedrom/spfloat-cn-cmp.edn
f	bcd34ced416aef5af413306aec2b54b2bf028360f33c5d7fd34801d6fde9eef4	isa_specs/riscv-isa-manual-v20260120/src/unpriv/images/wavedrom/spfloat-comp.edn
f	af11d8c13d55987002ae2c34ca9afeb74c4e4ea87dfb3a77bcb6ff5f35ef673f	isa_specs/riscv-isa-manual-v20260120/src/unpriv/images/wavedrom/spfloat-mv.edn
f	dcee5c4979495a205d9d35aa54c3fc11696ff3917b3e507c38dbc465a2f099d2	isa_specs/riscv-isa-manual-v20260120/src/unpriv/images/wavedrom/spfloat-sign-inj.edn
f	3ec6f8ae63aebf599350667576b76f6b8770019afa5f7ff9a036fd857f85d41a	isa_specs/riscv-isa-manual-v20260120/src/unpriv/images/wavedrom/spfloat-zfh.edn
f	2401f77d29e0b7ac489dfc5f0526bc6ad2bddcc6650b93227068885e64990cc9	isa_specs/riscv-isa-manual-v20260120/src/unpriv/images/wavedrom/spfloat.edn
f	3af98393c799a55a432ced598c944ccebf83ce839b32f2696bf1c3d7218f690e	isa_specs/riscv-isa-manual-v20260120/src/unpriv/images/wavedrom/spfloat2-zfh.edn
f	4856cfb7270d734d0374b31e9ed1ed67646c26a789e28eaa2f528e16b9bcb103	isa_specs/riscv-isa-manual-v20260120/src/unpriv/images/wavedrom/spfloat2.edn
f	6396933c63ba1137603f46d2bbe28c68517e014a3de7fc8d70c62e63edccb45e	isa_specs/riscv-isa-manual-v20260120/src/unpriv/images/wavedrom/u-immediate.edn
f	504006746bf95ea45c3ec6a25421bac14915983fd89c7df0fa1e70831c0f22d6	isa_specs/riscv-isa-manual-v20260120/src/unpriv/images/wavedrom/v-inst-table.edn
f	6fc647d8e4004015572d0d18c7c25a2e1d394a6ee085138978c7f0bd2058e6fe	isa_specs/riscv-isa-manual-v20260120/src/unpriv/images/wavedrom/valu-format.edn
f	f81f491d45f07958518c5c46e998a3ad092aacc941f73ebe353013ce72a8006a	isa_specs/riscv-isa-manual-v20260120/src/unpriv/images/wavedrom/vcfg-format.edn
f	cd75160a371e0ee0a44c18312b605fbeec2bc1b6b56f3b9bc6851b00dc8a241e	isa_specs/riscv-isa-manual-v20260120/src/unpriv/images/wavedrom/vfrec7.edn
f	7f675ca7976026e464152a3d3caf7dfbccb7205f07dcafbc745274e97fb3acbe	isa_specs/riscv-isa-manual-v20260120/src/unpriv/images/wavedrom/vfrsqrt7.edn
f	07024ff44d95de2f236d61fb34fda5ddc42517e294efe2c0f7794a2527a529b7	isa_specs/riscv-isa-manual-v20260120/src/unpriv/images/wavedrom/vmem-format.edn
f	b84b6d01a5d552866c59789258cfbff93a13967a1b9aba96814fba0658b6fe64	isa_specs/riscv-isa-manual-v20260120/src/unpriv/images/wavedrom/vtype-format.edn
f	60dd2fd81d149d54c20624d41e9600f71a5a0c481e5efe5a5f5c7525f3b85063	isa_specs/riscv-isa-manual-v20260120/src/unpriv/images/wavedrom/zifencei-ff.edn
f	99d3708b844072f626e33b427e7b1825cebc0743efdf6f7a5ca58205dd4c7c42	isa_specs/riscv-isa-manual-v20260120/src/unpriv/m-st-ext.adoc
f	1af33716482c62a4cd0776c1a8a4658fbf1efa916ad05df8ba2a26be1ab5740a	isa_specs/riscv-isa-manual-v20260120/src/unpriv/preface.adoc
f	51f3f2ac48b8dd84f2ecc786c7a6daa6cc5d7678050a49d48f9247601766b333	isa_specs/riscv-isa-manual-v20260120/src/unpriv/rv32.adoc
f	14cfdf5bfb57ba19f57f31c4a79b3712ede0fda06b1674cb40dec393f8694185	isa_specs/sail-riscv-0.12/LICENCE
f	958d6c1b13316586e51d619d89f1d2216d3ca2d47fcdce5617f3fa89dfdd9094	isa_specs/sail-riscv-0.12/README.md
f	b76523343e4c82249384c4db8084c38a908c6b2b1f8d9aab53d62d48b7a758bb	isa_specs/sail-riscv-0.12/doc/ReadingGuide.md
f	4961f4069e9c126127858fe84a33b939bc879ab6822fa2dd45c521a84e4eedfe	isa_specs/sail-riscv-0.12/model/CMakeLists.txt
f	98d0392c6d54404e59f0c63d07d7292ded67f41be39df78023e48e3a0cd026d9	isa_specs/sail-riscv-0.12/model/README.md
f	d6c6007073665e86daa614334a8ca3086b8eba6da39010bf6283c8124d5b4b0a	isa_specs/sail-riscv-0.12/model/core/addr_checks.sail
f	7089db8f9641d448872104951d9b6249ca4467bf5b4c280d51240b851f9685a5	isa_specs/sail-riscv-0.12/model/core/addr_checks_common.sail
f	e96d68eadd62816e02e5bed6ff428aa2098df37294675f066284370eb21dfcde	isa_specs/sail-riscv-0.12/model/core/arithmetic.sail
f	602d1f1ab8b8aace47bd2e5fccf532e8a6bc01b2063fd13e3b498a97c315bca7	isa_specs/sail-riscv-0.12/model/core/callbacks.sail
f	84c714b5e00646ebc943a9f21e4e183b96a347eacbb678d48f245edfb2b04576	isa_specs/sail-riscv-0.12/model/core/csr_begin.sail
f	6080057a394646845feb19564e3b3db5c128c76ec082c4a3454b219cafdd0bf0	isa_specs/sail-riscv-0.12/model/core/ext_regs.sail
f	6512b3aca048f05d4df21eefbdff8d289838a9309bc1c9f05ce5c5027b608bb5	isa_specs/sail-riscv-0.12/model/core/extensions.sail
f	a4064983a16764246f1e0296938fe1be8de4ae760c1b798b4795b5bf13a82618	isa_specs/sail-riscv-0.12/model/core/flen.sail
f	0331aaccb2003c810a1d2786bd00a6c6d89ca9b5a04dc6d7d0534a413d2fb3b0	isa_specs/sail-riscv-0.12/model/core/float_classify.sail
f	e005e7d92e9e3788552ceff6443c2b05c2339839f09046d99828be6e3a8ea18d	isa_specs/sail-riscv-0.12/model/core/interrupt_regs.sail
f	c585d718f15c2c8cbaa4cef1bd33a0ede58921c11f1e9f0e24d93539d38c3e47	isa_specs/sail-riscv-0.12/model/core/mem_addrtype.sail
f	d56479e88150f4941af5535bcf04bafb1df21e0480f4b8a62cc652cb3d79d985	isa_specs/sail-riscv-0.12/model/core/mem_metadata.sail
f	6b589817e41c340b4a03f3dbcc407effad8195986d247e552111dc79edaf0c23	isa_specs/sail-riscv-0.12/model/core/mem_type_utils.sail
f	d77a26434e7532ae81c92961d61d81a6abe5912280e1cb0568e2a82e5d1e955c	isa_specs/sail-riscv-0.12/model/core/misa_ext.sail
f	355d650e0da14d8f0900d605cdf1ec6c550a907410a671b13c9a761fbb849db6	isa_specs/sail-riscv-0.12/model/core/pc_access.sail
f	75c4cf27200d43fb3fe19b083e8b4924d5f099c22cabaf7055256c229a040837	isa_specs/sail-riscv-0.12/model/core/phys_mem_interface.sail
f	2879a063d4cb7d95acb28e4a74eca0e51d4ec5e1ba423ffdb2138381a884e4a3	isa_specs/sail-riscv-0.12/model/core/platform_config.sail
f	cc2433a7c2a05d29fe89bf64d3f9c6bdaefb2a7029334a04e87d6f496e1843f9	isa_specs/sail-riscv-0.12/model/core/range_util.sail
f	8115b2d4e0804323bd511cad8ee17cd6edcf647d117390ba2e123445236c2d49	isa_specs/sail-riscv-0.12/model/core/reg_type.sail
f	e6f0ac2cac40355285fb7c5bb942eb27bfe0a61c6642b61ae003431c66a6b463	isa_specs/sail-riscv-0.12/model/core/regs.sail
f	d52a8d1f8c597afdad1fcfe7fd5282d30e8bcf51c9783f220701acafe3704a26	isa_specs/sail-riscv-0.12/model/core/rvfi_dii.sail
f	cc2c197cac975a6f7e0d3b056607985467ba0de2b74989896a17ec6d39d5acad	isa_specs/sail-riscv-0.12/model/core/rvfi_dii_v1.sail
f	5c6bacf921756654e0b36881aaa570522e892fa00c950f763df0235688e3d34d	isa_specs/sail-riscv-0.12/model/core/rvfi_dii_v2.sail
f	9f7c9ec1734baf3cdd0b1154642e606c555f3489d1e8a6dbe0c5378a0f9dbee3	isa_specs/sail-riscv-0.12/model/core/softfloat_interface.sail
f	51a026cb38c465d8a1dcf7e7cfb02fab4943c910bc621ddd72f02fb5fec0b649	isa_specs/sail-riscv-0.12/model/core/sys_regs.sail
f	86b42ead963e20cd9b6c36a1367852f8b611eae7cd68a99d94c094ddf30242bd	isa_specs/sail-riscv-0.12/model/core/types.sail
f	8aecb1cfa1646ef8babedcf1a1785475c36f16dd00637c61992538f2c5fdfeeb	isa_specs/sail-riscv-0.12/model/core/types_common.sail
f	c23b8fdec84f5a9082944797f77c309548f2de351e58e2f2e4ac2883766fc480	isa_specs/sail-riscv-0.12/model/core/types_ext.sail
f	32fc53b900207ccd7892678c7dd2731a93ecca6a43fdaf9f0276193ef94bcf88	isa_specs/sail-riscv-0.12/model/core/vlen.sail
f	88d836c068e74a4ffcd4e8e26210dce9aaffbfabdfa013a90f5412eeb36d34ea	isa_specs/sail-riscv-0.12/model/core/vmem_types.sail
f	0cf5da874f736d2b3c9d06be8e2756c55f6ecd9a4face9998643f4a8312221d0	isa_specs/sail-riscv-0.12/model/core/xlen.sail
f	a8bb7041e8dd4a196c9763326dc041ca279443dd11cde0a20f14e7590c11f7d2	isa_specs/sail-riscv-0.12/model/exceptions/sync_exception.sail
f	c7b4bcd20b21e6848ebce204e5eaf06444f53bcfb9426fd5bf99bb2f4355bec6	isa_specs/sail-riscv-0.12/model/exceptions/sys_exceptions.sail
f	62c9782b3b6e2c3cbc389543f1c7653f45ef938b07b4402e9835dd2322370d80	isa_specs/sail-riscv-0.12/model/extensions/A/aext_types.sail
f	8fd287c66aa065ad494395c96fe0d36321a038bfea4eec03025493cb9d29c5b6	isa_specs/sail-riscv-0.12/model/extensions/A/zaamo_insts.sail
f	0607821359157e9f935bc54775411700f63f793f5096823026880d0236b41582	isa_specs/sail-riscv-0.12/model/extensions/A/zalrsc_insts.sail
f	e7bcd96423cabd745d3f185d43a648aebcf49b903363c35337c18d209efa7982	isa_specs/sail-riscv-0.12/model/extensions/B/bext_types.sail
f	3e00db7e450e7ab30d3b429573e77b20f4127cade244d89b9955aa88b7c26fcb	isa_specs/sail-riscv-0.12/model/extensions/B/zba_insts.sail
f	f1da764702541715c7f381cae59e56ac9b0011eb0726ecf7ffe5ecbb216ebbbe	isa_specs/sail-riscv-0.12/model/extensions/B/zbb_insts.sail
f	f6392032c44f9ddbf5bbacadba5d98e0392345d589c3dd8b3d42a33843784fb6	isa_specs/sail-riscv-0.12/model/extensions/B/zbc_insts.sail
f	f50483e9792fdc8ca95f546194b993df353f53b9835447e1254ed053228479b7	isa_specs/sail-riscv-0.12/model/extensions/B/zbs_insts.sail
f	b6dee98f5fa917dfcf37452f3f475eefd59215f949c21dda541c54f14a5de039	isa_specs/sail-riscv-0.12/model/extensions/C/zca_insts.sail
f	eaf5dd5d4fdcf54b0c8fadbf05b4fb7c60cca6c036a5ff5c26b27777cb6e3069	isa_specs/sail-riscv-0.12/model/extensions/C/zcb_insts.sail
f	f051a8c813ce8e835f00c0b707dfc9ca8a2bf9063572a0ab1e2a9bd3ebd60e93	isa_specs/sail-riscv-0.12/model/extensions/FD/dext_insts.sail
f	78e5c1b0c781a9b93d97ba2ad13e475f219ce56d0759c878b3fd4276222280bb	isa_specs/sail-riscv-0.12/model/extensions/FD/fdext_control.sail
f	ad7d424da47e5e21bcabc64fbf827888cc73f6d4e3d36ad0698a48fef6542ab3	isa_specs/sail-riscv-0.12/model/extensions/FD/fdext_regs.sail
f	7ac3ae3b86d658d536440159f16c0404164376fbfa2a319deaa787aaa1647304	isa_specs/sail-riscv-0.12/model/extensions/FD/fext_insts.sail
f	27f8138a53154ade9f4ce2ea3c0cd146b5f57d1d03a72b5d61f293eccc242590	isa_specs/sail-riscv-0.12/model/extensions/FD/freg_type.sail
f	7e8288e1521dad66bec762546f837f95da4df54d005458576fbf647710478802	isa_specs/sail-riscv-0.12/model/extensions/FD/zcd_insts.sail
f	b22120128b48d229844cafc8e524f1f23575a2f4928436cdb941d2ace6cd0ced	isa_specs/sail-riscv-0.12/model/extensions/FD/zcf_insts.sail
f	7759b83d7c3597949b7672a33a495a956a5ab0c80dd84d79e9187a60c5f297a9	isa_specs/sail-riscv-0.12/model/extensions/FD/zfa_insts.sail
f	1f589078f69f127ec9af63fd0bd32c52eac09a4b8e37e59a6bd334b0950841fc	isa_specs/sail-riscv-0.12/model/extensions/FD/zfh_insts.sail
f	36d4f527b0a178796c71beccecbcc2ae0d8c83e6a9856f184aa595fb8c8716ab	isa_specs/sail-riscv-0.12/model/extensions/H/hext_insts.sail
f	77a1e576356e67b5219cbd0f4ee71fa32b609ebc9efadfe6fa0c8c17e74a86ac	isa_specs/sail-riscv-0.12/model/extensions/I/base_insts.sail
f	0446e25572148fa80fc7125985625520c9191396eeca09b065e5b66474aa2da0	isa_specs/sail-riscv-0.12/model/extensions/I/base_types.sail
f	496c865bf5dd2896a576b75e7bf35ad0f33dc183f7d9b4d284a0e72cf7078ec9	isa_specs/sail-riscv-0.12/model/extensions/I/jalr_rmem.sail
f	5bbb143f7020c930c8ce3922df427c16aaba4317f30b2c2e02fb1244de53faec	isa_specs/sail-riscv-0.12/model/extensions/I/jalr_seq.sail
f	51281682c4f8ebf7a1077f8d0e1c833bdbdbac3a2c9933dc91eaec00c72f955c	isa_specs/sail-riscv-0.12/model/extensions/K/types_kext.sail
f	f95616ce2ea119ccc36e5d2d2051a0edd597f6d503e0b041ece2e440e5bf2e06	isa_specs/sail-riscv-0.12/model/extensions/K/zbkb_insts.sail
f	18c576c27692d70ee1df2cd3773dfd9f6ccc7d3d34bb0e8396785588af4a4025	isa_specs/sail-riscv-0.12/model/extensions/K/zbkx_insts.sail
f	deaf7d582de1b58587a0bc33d98853b19becec51e10529aa7d23daf9de7678e6	isa_specs/sail-riscv-0.12/model/extensions/K/zkn_insts.sail
f	a4661e26aaa68c6a3b89917be175abb9ef0e899c31c76214e72d60122a78c988	isa_specs/sail-riscv-0.12/model/extensions/K/zkr_control.sail
f	4626c1b38509cf6670a765b2554dcdbb88dcc2399bab132b6b4ef73c21306b8b	isa_specs/sail-riscv-0.12/model/extensions/K/zks_insts.sail
f	f439cf260459ac1dd6031bf208c7444400b31bfa73dba5cec867d0edffa152f6	isa_specs/sail-riscv-0.12/model/extensions/M/mext_insts.sail
f	f85cefe5cdfd593d4479000a1c32a7345f2febd151dab57a229c6391de6636df	isa_specs/sail-riscv-0.12/model/extensions/M/mext_types.sail
f	37cfd344220980bdbae669d6c32d59ff5cea5500874510cd9512ea07985a500e	isa_specs/sail-riscv-0.12/model/extensions/Smcntrpmf/smcntrpmf.sail
f	a74689d2a228510217db42b55d2ac81648894f2e4735baeb8026963fe47b48a7	isa_specs/sail-riscv-0.12/model/extensions/Sscofpmf/sscofpmf.sail
f	182a5d9fcac5a8578e907cec91f59d816bd3814429af3b14146659259945d045	isa_specs/sail-riscv-0.12/model/extensions/Ssqosid/ssqosid.sail
f	09ba3a065971cd405b0b4c055f02649f52bf4b5daff8e2abe4daefb3f0f73c9e	isa_specs/sail-riscv-0.12/model/extensions/Sstc/sstc.sail
f	771b40c3e256335f16ee2281da57f8819c21c70bd36cab89a82ade536edb63eb	isa_specs/sail-riscv-0.12/model/extensions/Stateen/stateen_access_checks.sail
f	426eb99f10584ce2fa31433075a8e712bd094b2ef7cd2e58071a358045f16b16	isa_specs/sail-riscv-0.12/model/extensions/Stateen/stateen_csrs.sail
f	1e30478a024680a862f610fc702b1567a3cab67a1f31afa97e2f07872683a3de	isa_specs/sail-riscv-0.12/model/extensions/Stateen/stateen_regs.sail
f	00ec58b40b84b2ba525de7aa213968859c4946f20439d2396504771ae3ed89a9	isa_specs/sail-riscv-0.12/model/extensions/Svinval/svinval_insts.sail
f	4bdd431207c118121c7ac239c20def849d6bb9e8325992c2b10df81da26c4dfb	isa_specs/sail-riscv-0.12/model/extensions/V/vext_arith_insts.sail
f	bc8f4ba9ce375232c5d8dd2752e0e8b47ea7485c9cd6ad92a0cd8e4fce8368e1	isa_specs/sail-riscv-0.12/model/extensions/V/vext_control.sail
f	9d0c071e80aa0946d9abbb5146d65bb16b6d602436f7514545652fa916976603	isa_specs/sail-riscv-0.12/model/extensions/V/vext_fp_insts.sail
f	c74864be9ff94789c2e2bc4a8ba21304d006d8fa7d71c427fbcc7ec2d9915f4c	isa_specs/sail-riscv-0.12/model/extensions/V/vext_fp_red_insts.sail
f	e0eac3157e5daaf9dd92d6b5853c3c7b4a33e0953ac076e5d9daffb1764d72c3	isa_specs/sail-riscv-0.12/model/extensions/V/vext_fp_utils_insts.sail
f	847b48049222aa344733ad690a4059f86bc6ae2d6b973e184bb78de88e991a42	isa_specs/sail-riscv-0.12/model/extensions/V/vext_fp_vm_insts.sail
f	e4eea34a32fe0237c46a359bae2b6cfc571503912ef05425ef64429b6462b05a	isa_specs/sail-riscv-0.12/model/extensions/V/vext_mask_insts.sail
f	e21a6024a6805714329f58cc578c3869184dcfcc5885a1d628cc8a994c6f9d6e	isa_specs/sail-riscv-0.12/model/extensions/V/vext_mem_insts.sail
f	56bcadeb1c3b96986f093920ba72c8e8d4e5fa01574ba2e325b16a2b204fa840	isa_specs/sail-riscv-0.12/model/extensions/V/vext_red_insts.sail
f	6762b8757d7f1142153d9d7c0511b8b993e8d14917cd2038b565273910b1c540	isa_specs/sail-riscv-0.12/model/extensions/V/vext_regs.sail
f	eeaab9ad850708059ac794bbb24ceba4605a153d8d70bbabead092cb879ef1e6	isa_specs/sail-riscv-0.12/model/extensions/V/vext_types.sail
f	16cd8bbde17dd431ef6beaa36ab2b47564dfe8d7c33c9c8d06fd6dacfee284d7	isa_specs/sail-riscv-0.12/model/extensions/V/vext_utils_insts.sail
f	8179c04c91ed40e1eb10fef083110a1158cedb7ba46da06df34a9968d8476889	isa_specs/sail-riscv-0.12/model/extensions/V/vext_vm_insts.sail
f	704befc8ee1386089fdac1d0063b652157a6f89418f4388193906eaa404ef9da	isa_specs/sail-riscv-0.12/model/extensions/V/vext_vset_insts.sail
f	da5fd64798b2a5e203fc9e8159b8aaf395fad01aa49c128ae2b2a6aaf3d74e5c	isa_specs/sail-riscv-0.12/model/extensions/V/vreg_type.sail
f	990d7ccecf1485aa92736738837053c693530c074e852b8944390fa62510fbc3	isa_specs/sail-riscv-0.12/model/extensions/Zawrs/zawrs_insts.sail
f	dc350866676f85edca3f680941883d0ab354462e17c82be7a765516bba3b97d7	isa_specs/sail-riscv-0.12/model/extensions/Zawrs/zawrs_types.sail
f	2004b81234ef82e115a7a4fc3e5ff2249cda5b6bc72620a1aaf92ed0b86883ff	isa_specs/sail-riscv-0.12/model/extensions/Zibi/zibi_insts.sail
f	ad8a715ec3b974e418152a23c0b90d89ff0adf3b7790982df7eafef1ccf93241	isa_specs/sail-riscv-0.12/model/extensions/Zibi/zibi_types.sail
f	1a94df955c0a4b761de338dc46278b06d6e690a763dce9eb3d936fc9e72ecdde	isa_specs/sail-riscv-0.12/model/extensions/Zicbom/zicbom_insts.sail
f	19957abe30dd74bc6c27ecf1464e8e5a0f38d5f5236a02edeb8dc564e7c426ef	isa_specs/sail-riscv-0.12/model/extensions/Zicbom/zicbom_types.sail
f	511a3c55b76f9eb0cac731b5176bf5a01e5f130624cf70e3d6fbba6260b2280c	isa_specs/sail-riscv-0.12/model/extensions/Zicbop/zicbop_insts.sail
f	fbbdf988ccd23b0f2aec8507862a71b0d42626ff849ee3ce7d65490b3c6a2091	isa_specs/sail-riscv-0.12/model/extensions/Zicbop/zicbop_types.sail
f	3751747d78ccdb8d831483c9d997a1d808abcc06a232d0425ccdb9f6fd94bafd	isa_specs/sail-riscv-0.12/model/extensions/Zicboz/zicboz_insts.sail
f	72779372abeddbbbe3ff2c8dfed2b60396a5937579b0433d4a06459aed87c7e2	isa_specs/sail-riscv-0.12/model/extensions/Zicntr/zicntr_control.sail
f	86ea235572d08792921a264756e195c0e8d4cc728199a26476f87586297193ce	isa_specs/sail-riscv-0.12/model/extensions/Zicond/zicond_insts.sail
f	55fac731ccaf118dbe48191a479ce474ede4c64ee8fa30beef0f8f5816ee79d4	isa_specs/sail-riscv-0.12/model/extensions/Zicond/zicond_types.sail
f	137441624950ab9b17258fae874a6484d81b39fc5e641267f5c68a325f212e6e	isa_specs/sail-riscv-0.12/model/extensions/Zicsr/zicsr_insts.sail
f	3408aeeb94f158564c7a070d395bcc490641ad7c76cf627f75cc9c2eacad36a9	isa_specs/sail-riscv-0.12/model/extensions/Zicsr/zicsr_types.sail
f	56e7d7a3b79765ad3bc2fcbd574e1b34555742fec0b834c1e1c18dc8ffd7b67d	isa_specs/sail-riscv-0.12/model/extensions/Zifencei/zifencei_insts.sail
f	1d39beed4f2a0f2ca2d58238b67eb9ffe18bb3660978236ec9cee2cb9f71f944	isa_specs/sail-riscv-0.12/model/extensions/Zihintntl/zihintntl_insts.sail
f	dc6e8245765847a6bdda4f8fdacbcea5a17a23a45071eded9ef54e160c79320f	isa_specs/sail-riscv-0.12/model/extensions/Zihintntl/zihintntl_types.sail
f	efe8a44b5ab2f5572f57ba203c75e2067fadbfc5baaa2848b55b22621af17b6f	isa_specs/sail-riscv-0.12/model/extensions/Zihintpause/zihintpause_insts.sail
f	cb29c17f871bf49c1e341bddfe9fc5b6c64e83310ef5ad41799972f2cdb8c1ca	isa_specs/sail-riscv-0.12/model/extensions/Zihpm/zihpm.sail
f	cab08cda6871591cddf88934bbc2585edcae69fdff39494c64f5e2e35d1afdc7	isa_specs/sail-riscv-0.12/model/extensions/Zvabd/zvabd_insts.sail
f	e21a239245a9c39b351ec8ec34ad425a51464e0e8eca648a213dd3e5c795b96c	isa_specs/sail-riscv-0.12/model/extensions/Zvabd/zvabd_types.sail
f	2cd483db1f59379ac46efd3d7a165ed3ec8e24c89f283df90acaf6834530b82b	isa_specs/sail-riscv-0.12/model/extensions/bfloat16/zfbfmin_insts.sail
f	dfca369c084414ccf6da8b26d483befab8de70edc43205e0c47a3148d7bc1fde	isa_specs/sail-riscv-0.12/model/extensions/bfloat16/zfbfmin_utils.sail
f	285ee4ad983a1176bf57aa674d65df12f64852b1b6a068e98d03832c312c6370	isa_specs/sail-riscv-0.12/model/extensions/bfloat16/zvfbfmin_insts.sail
f	9f36b7aa35d31f08d46a9e169ac53064832d9e2e7a07a29e3090ec65639cd043	isa_specs/sail-riscv-0.12/model/extensions/bfloat16/zvfbfwma_insts.sail
f	59319e5213a443c873e3f3d513252f3936f2319d81ab4a82dfdf3403ee85900f	isa_specs/sail-riscv-0.12/model/extensions/cfi/cfi_types.sail
f	88c80ecfae1f482cce291c6ba2dc1c08a825fc79576a3d67b97d0f3f3655b2ec	isa_specs/sail-riscv-0.12/model/extensions/cfi/zicfilp_insts.sail
f	3ea8400afa36944e9460dc1b40318d9e21344d6d4d11a0199bbae399cb6f903a	isa_specs/sail-riscv-0.12/model/extensions/cfi/zicfilp_regs.sail
f	8996942f1fd13aff96bc130adf3b9513a6e5121f3ca582ce72a03b02a1d288ce	isa_specs/sail-riscv-0.12/model/extensions/cfi/zicfiss_insts.sail
f	18c111d09ced34972e6bac9c4717dfe13925eedbfd2c132d9e54c9a8de38e7fd	isa_specs/sail-riscv-0.12/model/extensions/cfi/zicfiss_regs.sail
f	cac1a91a038e58ff335fe0b1dbce00d92dd2218a51c7214f937731b3ce77a3c0	isa_specs/sail-riscv-0.12/model/extensions/pointer_masking/pm_types.sail
f	b9a8ff31e08bc58eaf7e14559cdd67052a72563c14335d91024b1a62cbb57e09	isa_specs/sail-riscv-0.12/model/extensions/pointer_masking/pm_utils.sail
f	8ed5862eab7290632eae8e2f145a08377b747bad380eb3e9696924f6a4108adf	isa_specs/sail-riscv-0.12/model/extensions/rmem/insts_rmem.sail
f	705d8a224c43b601bb9c44af8bc993e595d3bd2554e9f0c2ad2b0bb2d7118a9f	isa_specs/sail-riscv-0.12/model/extensions/vector_crypto/zvbb_insts.sail
f	73682fc98a7bf68f7f03d18987c21dbf3e4cdfa7a9d1044960ed5a1b25de8586	isa_specs/sail-riscv-0.12/model/extensions/vector_crypto/zvbc_insts.sail
f	5b2632d191bf669f5d31b0b195c1642fa55333298ba4afaa2d6bb84097f2a888	isa_specs/sail-riscv-0.12/model/extensions/vector_crypto/zvk_utils.sail
f	161765a66dd9be1647f1bb00704439b5c4a5c747f127b3bc6d1b154c928489fc	isa_specs/sail-riscv-0.12/model/extensions/vector_crypto/zvkg_insts.sail
f	9b11567b3058c2c9e51981d000f5084723b7af05a195193d2df6c6982c558992	isa_specs/sail-riscv-0.12/model/extensions/vector_crypto/zvkned_insts.sail
f	85fa90a701aa08684d09ac7eb4b1c81605355c1c9e2111f6ffcd8f196f800f16	isa_specs/sail-riscv-0.12/model/extensions/vector_crypto/zvknhab_insts.sail
f	a6ba48d9c74383e2629726e06e4dceca48e2607b4c6b464aeade653cefade518	isa_specs/sail-riscv-0.12/model/extensions/vector_crypto/zvksed_insts.sail
f	909ba30422bd102e87b11860505c965f350b57ff9cb4ceff5963e2274c64a7b4	isa_specs/sail-riscv-0.12/model/extensions/vector_crypto/zvksh_insts.sail
f	eff83357c8f98c36f69550ae5140fa6f71e4b18d3363e05fd95c4f992b2c1f95	isa_specs/sail-riscv-0.12/model/main/main.sail
f	9b21efede9d59eada700e8a758085c8f2ed25ed6f45ae1f3547b385fbf67087a	isa_specs/sail-riscv-0.12/model/mops/Zcmop/zcmop_insts.sail
f	4559573d4f809c022af1702249a9ffd844e2a4063367e05afb66da9e212e9c02	isa_specs/sail-riscv-0.12/model/mops/Zimop/zimop_insts.sail
f	296c2e92f82b0b7b795563c365ea177ce20167d9637e2cdda2d85271d93a8e59	isa_specs/sail-riscv-0.12/model/pmp/pmp_control.sail
f	6501757ddd57279982dd57f946496fed4c5de90df90ec1164da5a51acee2344e	isa_specs/sail-riscv-0.12/model/pmp/pmp_regs.sail
f	5c4b9b1a1a9d66b571f1d081ee0ce083270ea55936113627a2ac6e047357a98e	isa_specs/sail-riscv-0.12/model/postlude/csr_end.sail
f	2f37d7ff1b7584cda350e41fb58085712c8985585fd755ecd2d20b173d20949a	isa_specs/sail-riscv-0.12/model/postlude/decode_ext.sail
f	04d6789495866470ef05dfc1addfa24acf291f355d230cbfb26010b47375c544	isa_specs/sail-riscv-0.12/model/postlude/device_tree.sail
f	71adfeca03865184870e4234316c0869ad19f9cb5d5c310c4e87898ae8bf4e99	isa_specs/sail-riscv-0.12/model/postlude/fetch.sail
f	3338c524d766a2979ddeff450b642329c17c99e4ad891b3972a534cde5bd292e	isa_specs/sail-riscv-0.12/model/postlude/fetch_rvfi.sail
f	816cd874d6f475a797f2eabd5e88d467ea22b66eb8ab44164253751d4aabf324	isa_specs/sail-riscv-0.12/model/postlude/insts_end.sail
f	d4766886012ca8d29e92db6ac733e25e592b4141b30bc7f7bce87c1e3876f90d	isa_specs/sail-riscv-0.12/model/postlude/model.sail
f	b34f21c5e4f8b457dc1cc38c3a728f933637c05dc420c98f33c8cf87543b38a9	isa_specs/sail-riscv-0.12/model/postlude/step.sail
f	67e684c788e116d5c28cff84a08844825330fbf34ef1e9736ead7e87cf4fd708	isa_specs/sail-riscv-0.12/model/postlude/step_common.sail
f	283b6f3e21cacadef056fd5b6ae6de037374ea94f7430a7415f30261fa0a92ac	isa_specs/sail-riscv-0.12/model/postlude/step_ext.sail
f	b40f8bc0fe8c717c83a7facfd12d236156cfa0898a0547b7d13328e4ee5943cd	isa_specs/sail-riscv-0.12/model/postlude/validate_config.sail
f	2d848d05bd6b20ccfeb054d639aef4c2e03692aa1dfb5d356544e99ecae97d3a	isa_specs/sail-riscv-0.12/model/prelude/errors.sail
f	b71615153eeaf26a292f8ea19fcfe51a267ddbcb3ca1f6ace961533c4c7cfd2c	isa_specs/sail-riscv-0.12/model/prelude/prelude.sail
f	dac37cc5587dce179ad34538675ff928c669d024c3ac1825cd981d19a0e950c0	isa_specs/sail-riscv-0.12/model/riscv.sail_project
f	746683cdd5909713ab59da9c433368b4634652cddb8bf17b0201a87a9cf1a55b	isa_specs/sail-riscv-0.12/model/sys/callbacks.sail
f	d3baedc6a2afef6881e869784de171df66da64081c08d7a06d55ef97a35113d3	isa_specs/sail-riscv-0.12/model/sys/insts_begin.sail
f	247e5f609916b52a03e168c5f8b868ae61e1f5832f06995471651b6b9913818b	isa_specs/sail-riscv-0.12/model/sys/mem.sail
f	9c0ccdc07a1e5c76afd5ae982e937c283ebc808d8d639830764ccb840701925c	isa_specs/sail-riscv-0.12/model/sys/mem_utils.sail
f	d23dd53aca904c22451b4bc0e9c4fc9a768f8f1a2bd9b1093c1facc2b95c2ae5	isa_specs/sail-riscv-0.12/model/sys/platform.sail
f	9d5338a570fc5bfd477f586c0a692bc8a8548e2b42ad8ee6f571604ccdda9f45	isa_specs/sail-riscv-0.12/model/sys/pma.sail
f	01d0bf02b8c49be3eb10005b802db44ece11ae8d78554bc2baf8d47d333a0273	isa_specs/sail-riscv-0.12/model/sys/simple_interrupt_generator.sail
f	b7ef473c356cd43e891314b2ef6c38c5228413bf26434e8ab0a6ea9f71c0d559	isa_specs/sail-riscv-0.12/model/sys/simple_interrupt_generator_regs.sail
f	de86e25df4992adcd36de547b93af31c2bcd504263831d049a0c338e07681899	isa_specs/sail-riscv-0.12/model/sys/sys_control.sail
f	6bc97b0e9fe4d6b11308b77152188ac4f32aec16c09040f08ad21ac2cd45896c	isa_specs/sail-riscv-0.12/model/sys/sys_reservation.sail
f	7ae77607442012c74da1d6b3078f14c221ab52c90cd6edec9f2334f0fc98c955	isa_specs/sail-riscv-0.12/model/sys/vmem.sail
f	ff8cf35d82606878abcdffe79c63b6fd779813837b90263e0713485bf98bbd09	isa_specs/sail-riscv-0.12/model/sys/vmem_pte.sail
f	d94daaaae14e2452582577878b4ccd72da9e2abb1cb45c228146339f0e0ca72c	isa_specs/sail-riscv-0.12/model/sys/vmem_ptw.sail
f	8616d01564a5974c108082f941230870704967d6b3fbb3b11c8814ac098afffc	isa_specs/sail-riscv-0.12/model/sys/vmem_tlb.sail
f	044ad88303647608dd3ed8562453a905c1e36b1ead25765a95ef24e927deb2f0	isa_specs/sail-riscv-0.12/model/sys/vmem_utils.sail
f	fe275a5aa5660fffc88e395f5f8180f99a4229da8bb6f0b779ff14811bd43cbc	isa_specs/sail-riscv-0.12/model/unit_tests/test_mstatus.sail
f	387480930d97e6742a8fd7fb923e3cf170ecbbc03270c306f1be200af79a95e5	manifests/specifications.lock.json
